SEASON_ID,PLAYER_ID,GAME_ID,GAME_DATE,MATCHUP,WL,MIN,FGM,FGA,FG_PCT,FG3M,FG3A,FG3_PCT,FTM,FTA,FT_PCT,OREB,DREB,REB,AST,STL,BLK,TOV,PF,PTS,PLUS_MINUS,OFF_RATING,E_OFF_RATING,DEF_RATING,E_DEF_RATING,NET_RATING,E_NET_RATING,AST_PCT,AST_TOV,AST_RATIO,OREB_PCT,DREB_PCT,REB_PCT,TM_TOV_PCT,EFG_PCT,TS_PCT,USG_PCT,E_USG_PCT,E_PACE,PACE,PACE_PER40,POSS,PIE
22024,1627780,0022400366,"DEC 19, 2024",GSW @ MEM,L,5,1,3,0.333,1,2,0.5,0,0,0.0,1,0,1,0,0,0,0,1,3,-4,70.0,65.1,122.2,141.8,-52.2,-76.7,0.0,0.0,0.0,0.143,0.0,0.077,0.0,0.5,0.5,0.214,0.235,97.87,100.4,83.67,10,0.056
22024,1627780,0022401228,"DEC 15, 2024",GSW vs. DAL,L,11,2,5,0.4,0,2,0.0,0,0,0.0,4,0,4,1,1,1,0,1,4,6,160.0,167.5,130.8,128.6,29.2,38.9,0.077,0.0,16.7,0.267,0.0,0.174,0.0,0.4,0.4,0.156,0.162,105.17,106.59,88.82,25,0.052
22024,1627780,0022401204,"DEC 11, 2024",GSW @ HOU,L,18,2,4,0.5,0,2,0.0,0,0,0.0,3,4,7,2,2,0,2,1,4,-14,84.6,82.7,123.7,115.6,-39.1,-32.9,0.143,1.0,25.0,0.158,0.267,0.206,25.0,0.5,0.5,0.122,0.128,107.34,102.65,85.54,39,0.118
22024,1627780,0022400355,"DEC 08, 2024",GSW vs. MIN,W,27,4,8,0.5,0,2,0.0,0,1,0.0,4,1,5,2,2,2,1,3,8,1,114.8,119.3,113.0,110.1,1.9,9.2,0.1,2.0,18.2,0.167,0.032,0.091,9.1,0.5,0.474,0.15,0.155,94.32,94.89,79.07,54,0.064
22024,1627780,0022400338,"DEC 06, 2024",GSW vs. MIN,L,17,0,3,0.0,0,1,0.0,1,2,0.5,1,5,6,1,1,1,2,1,1,-14,62.2,62.2,97.4,88.9,-35.2,-26.6,0.143,0.5,14.3,0.053,0.238,0.15,28.6,0.0,0.129,0.146,0.15,111.56,106.45,88.7,37,0.039
22024,1627780,0022400332,"DEC 05, 2024",GSW vs. HOU,W,18,3,7,0.429,0,3,0.0,0,0,0.0,3,3,6,1,1,0,0,5,6,-14,78.9,84.7,107.3,108.3,-28.4,-23.5,0.125,0.0,12.5,0.143,0.13,0.136,0.0,0.429,0.429,0.163,0.178,99.35,103.22,86.02,38,0.059
22024,1627780,0022400058,"DEC 03, 2024",GSW @ DEN,L,14,5,6,0.833,1,2,0.5,0,0,0.0,0,1,1,2,0,0,0,1,11,18,163.0,171.6,100.0,100.9,63.0,70.7,0.167,0.0,25.0,0.0,0.1,0.053,0.0,0.917,0.917,0.188,0.202,87.79,90.52,75.44,27,0.151
22024,1627780,0022400303,"NOV 30, 2024",GSW @ PHX,L,12,0,3,0.0,0,1,0.0,0,0,0.0,1,2,3,0,0,0,0,0,0,-12,73.1,78.9,129.2,131.8,-56.1,-52.9,0.0,0.0,0.0,0.067,0.2,0.12,0.0,0.0,0.0,0.1,0.111,93.0,97.69,81.41,26,-0.012
22024,1627780,0022400299,"NOV 27, 2024",GSW vs. OKC,L,7,1,1,1.0,0,0,0.0,0,0,0.0,0,1,1,0,0,1,0,0,2,-8,92.9,87.4,150.0,140.0,-57.1,-52.6,0.0,0.0,0.0,0.0,0.2,0.067,0.0,1.0,1.0,0.053,0.059,101.53,95.14,79.28,14,0.1
22024,1627780,0022400284,"NOV 25, 2024",GSW vs. BKN,L,22,4,9,0.444,0,2,0.0,0,0,0.0,4,5,9,4,2,0,0,2,8,-5,113.3,115.2,130.2,123.7,-16.9,-8.5,0.286,0.0,30.8,0.143,0.278,0.196,0.0,0.444,0.444,0.167,0.176,98.6,96.88,80.73,45,0.149
22024,1627780,0022400269,"NOV 23, 2024",GSW @ SAS,L,13,2,4,0.5,1,2,0.5,0,0,0.0,0,1,1,1,0,1,1,2,5,7,112.0,113.1,77.8,78.1,34.2,35.0,0.125,1.0,16.7,0.0,0.063,0.033,16.7,0.625,0.625,0.179,0.187,95.98,96.64,80.54,25,0.064
22024,1627780,0022400032,"NOV 22, 2024",GSW @ NOP,W,16,2,4,0.5,0,1,0.0,0,0,0.0,1,0,1,1,2,0,0,1,4,3,112.1,121.2,103.0,104.6,9.1,16.7,0.091,0.0,20.0,0.063,0.0,0.028,0.0,0.5,0.5,0.105,0.113,93.55,97.94,81.62,33,0.073
22024,1627780,0022400258,"NOV 20, 2024",GSW vs. ATL,W,6,3,4,0.75,0,1,0.0,0,0,0.0,0,2,2,0,0,0,0,0,6,7,125.0,122.5,76.5,87.4,48.5,35.2,0.0,0.0,0.0,0.0,0.182,0.133,0.0,0.75,0.75,0.25,0.245,116.7,123.43,102.86,16,0.2
22024,1627780,0022400251,"NOV 18, 2024",GSW @ LAC,L,12,0,4,0.0,0,2,0.0,0,0,0.0,1,3,4,2,1,0,0,1,0,3,85.2,88.5,80.0,79.4,5.2,9.1,0.222,0.0,33.3,0.056,0.25,0.133,0.0,0.0,0.0,0.121,0.133,104.58,106.21,88.51,27,0.038
22024,1627780,0022400019,"NOV 15, 2024",GSW vs. MEM,W,11,1,2,0.5,0,1,0.0,0,0,0.0,1,2,3,0,1,0,2,0,2,-6,92.3,94.5,115.4,112.6,-23.1,-18.1,0.0,0.0,0.0,0.071,0.182,0.12,50.0,0.5,0.5,0.133,0.136,117.46,117.37,97.81,26,0.056
22024,1627780,0022400007,"NOV 12, 2024",GSW vs. DAL,W,7,0,1,0.0,0,0,0.0,0,0,0.0,0,1,1,0,0,0,0,0,0,4,116.7,133.2,94.4,94.7,22.2,38.6,0.0,0.0,0.0,0.0,0.1,0.048,0.0,0.0,0.0,0.05,0.056,108.12,115.43,96.19,18,0.0
22024,1627780,0022400207,"NOV 10, 2024",GSW @ OKC,W,12,3,3,1.0,0,0,0.0,1,2,0.5,1,0,1,1,0,0,1,5,7,2,133.3,149.5,136.0,135.6,-2.7,13.9,0.091,1.0,16.7,0.083,0.0,0.042,16.7,1.0,0.902,0.147,0.166,96.05,101.6,84.67,27,0.023
22024,1627780,0022400188,"NOV 08, 2024",GSW @ CLE,L,10,4,4,1.0,0,0,0.0,0,1,0.0,1,1,2,1,0,1,0,2,8,-9,120.0,112.6,157.1,149.5,-37.1,-36.9,0.167,0.0,20.0,0.091,0.125,0.105,0.0,1.0,0.901,0.174,0.164,106.29,100.41,83.67,20,0.137
22024,1627780,0022400172,"NOV 06, 2024",GSW @ BOS,W,18,3,4,0.75,0,1,0.0,0,1,0.0,2,1,3,1,1,2,2,2,6,7,113.2,114.7,92.3,88.6,20.9,26.1,0.1,0.5,14.3,0.105,0.045,0.073,28.6,0.75,0.676,0.136,0.138,102.39,100.92,84.1,38,0.083
22024,1627780,0022400155,"NOV 04, 2024",GSW @ WAS,W,16,3,3,1.0,0,0,0.0,0,0,0.0,1,2,3,3,0,0,1,2,6,4,111.1,111.2,94.7,90.4,16.4,20.9,0.231,3.0,42.9,0.053,0.087,0.071,14.3,1.0,1.0,0.1,0.1,110.94,108.3,90.25,36,0.111
22024,1627780,0022400144,"NOV 02, 2024",GSW @ HOU,W,11,1,2,0.5,1,1,1.0,0,0,0.0,0,1,1,0,1,0,0,2,3,-2,116.0,142.2,129.2,124.2,-13.2,18.0,0.0,0.0,0.0,0.0,0.1,0.053,0.0,0.75,0.75,0.074,0.089,102.98,111.24,92.7,25,0.038
22024,1627780,0022400126,"OCT 30, 2024",GSW vs. NOP,W,7,0,0,0.0,0,0,0.0,0,0,0.0,1,0,1,2,0,0,1,2,0,-5,84.6,91.7,106.7,112.7,-22.1,-21.0,0.4,2.0,66.7,0.2,0.0,0.067,33.3,0.0,0.0,0.067,0.071,85.94,91.85,76.54,13,-0.022
22024,1627780,0022400116,"OCT 29, 2024",GSW vs. NOP,W,8,3,5,0.6,1,2,0.5,0,0,0.0,1,0,1,0,0,1,1,0,7,-3,76.5,81.3,88.9,87.9,-12.4,-6.7,0.0,0.0,0.0,0.077,0.0,0.048,16.7,0.7,0.7,0.273,0.3,101.84,104.22,86.85,17,0.233
22024,1627780,0022400101,"OCT 27, 2024",GSW vs. LAC,L,14,2,5,0.4,0,1,0.0,2,2,1.0,2,1,3,0,0,0,0,1,6,-3,89.3,93.8,100.0,99.3,-10.7,-5.4,0.0,0.0,0.0,0.143,0.071,0.107,0.0,0.4,0.51,0.194,0.209,97.13,99.19,82.66,28,0.089
22024,1627780,0022400084,"OCT 25, 2024",GSW @ UTA,W,13,2,3,0.667,0,1,0.0,0,0,0.0,0,1,1,2,3,0,0,1,4,10,150.0,139.9,103.6,95.4,46.4,44.5,0.154,0.0,40.0,0.0,0.048,0.029,0.0,0.667,0.667,0.094,0.094,109.8,101.74,84.78,26,0.127
22024,1627780,0022400072,"OCT 23, 2024",GSW @ POR,W,14,3,4,0.75,0,1,0.0,2,2,1.0,0,1,1,3,2,0,0,0,8,27,163.6,164.4,84.8,85.8,78.8,78.6,0.2,0.0,37.5,0.0,0.053,0.03,0.0,0.75,0.82,0.125,0.132,108.48,109.34,91.12,33,0.194
22024,1630228,0022400366,"DEC 19, 2024",GSW @ MEM,L,28,2,12,0.167,0,2,0.0,7,10,0.7,0,4,4,2,1,0,4,0,11,-23,98.3,95.2,137.3,132.6,-39.0,-37.4,0.111,0.5,8.7,0.0,0.125,0.063,17.4,0.167,0.335,0.323,0.319,106.09,102.61,85.51,59,0.008
22024,1630228,0022401228,"DEC 15, 2024",GSW vs. DAL,L,30,9,15,0.6,2,3,0.667,0,0,0.0,2,1,3,6,0,0,0,4,20,-10,139.3,135.4,150.8,147.1,-11.4,-11.6,0.25,0.0,28.6,0.067,0.056,0.063,0.0,0.667,0.667,0.211,0.212,102.92,100.2,83.5,61,0.094
22024,1630228,0022401204,"DEC 11, 2024",GSW @ HOU,L,36,8,20,0.4,2,6,0.333,2,6,0.333,5,2,7,1,0,1,1,2,20,2,102.9,97.3,100.0,92.5,2.9,4.8,0.05,1.0,4.2,0.135,0.057,0.097,4.2,0.45,0.442,0.28,0.288,96.54,90.25,75.21,68,0.059
22024,1630228,0022400355,"DEC 08, 2024",GSW vs. MIN,W,36,7,16,0.438,1,4,0.25,5,8,0.625,1,6,7,2,2,3,3,2,20,8,127.4,128.1,113.3,112.9,14.1,15.2,0.071,0.67,8.0,0.028,0.171,0.099,12.0,0.469,0.512,0.277,0.282,98.13,98.21,81.84,73,0.088
22024,1630228,0022400338,"DEC 06, 2024",GSW vs. MIN,L,29,6,15,0.4,1,4,0.25,0,0,0.0,1,1,2,1,1,1,3,3,13,-7,101.7,105.1,113.6,106.6,-11.9,-1.5,0.063,0.33,5.3,0.037,0.037,0.037,15.8,0.433,0.433,0.286,0.295,100.49,98.88,82.4,59,0.015
22024,1630228,0022400332,"DEC 05, 2024",GSW vs. HOU,W,33,13,22,0.591,3,6,0.5,4,6,0.667,1,6,7,2,0,1,3,3,33,7,98.5,101.0,89.4,88.3,9.1,12.7,0.182,0.67,6.7,0.03,0.14,0.092,10.0,0.659,0.67,0.368,0.387,96.39,96.97,80.81,67,0.231
22024,1630228,0022400058,"DEC 03, 2024",GSW @ DEN,L,29,9,18,0.5,1,2,0.5,0,2,0.0,0,5,5,2,1,1,0,4,19,-7,98.4,98.2,106.1,110.7,-7.6,-12.5,0.125,0.0,9.5,0.0,0.2,0.083,0.0,0.528,0.503,0.257,0.263,105.98,108.15,90.12,64,0.097
22024,1630228,0022400303,"NOV 30, 2024",GSW @ PHX,L,19,4,12,0.333,0,3,0.0,4,6,0.667,0,2,2,1,1,0,0,4,12,-12,100.0,93.6,130.6,136.6,-30.6,-43.0,0.111,0.0,6.3,0.0,0.125,0.05,0.0,0.333,0.41,0.333,0.338,91.13,90.12,75.1,35,0.027
22024,1630228,0022400299,"NOV 27, 2024",GSW vs. OKC,L,28,8,21,0.381,3,10,0.3,0,1,0.0,1,3,4,2,2,0,2,3,19,2,108.3,103.8,106.8,102.5,1.6,1.4,0.143,1.0,8.0,0.024,0.103,0.057,8.0,0.452,0.443,0.311,0.312,105.96,101.62,84.68,60,0.071
22024,1630228,0022400032,"NOV 22, 2024",GSW @ NOP,W,20,3,10,0.3,0,2,0.0,1,2,0.5,0,4,4,2,0,1,1,1,7,-1,92.7,91.3,88.6,95.5,4.0,-4.2,0.154,2.0,14.3,0.0,0.143,0.077,7.1,0.3,0.322,0.245,0.247,97.43,100.41,83.68,41,0.057
22024,1630228,0022400258,"NOV 20, 2024",GSW vs. ATL,W,15,3,9,0.333,1,3,0.333,3,4,0.75,2,4,6,2,2,1,1,1,10,1,80.6,82.7,82.4,81.9,-1.8,0.8,0.286,2.0,14.3,0.071,0.2,0.125,7.1,0.389,0.465,0.273,0.299,107.97,109.09,90.91,36,0.212
22024,1630228,0022400251,"NOV 18, 2024",GSW @ LAC,L,19,5,10,0.5,1,3,0.333,1,4,0.25,0,2,2,3,3,0,1,0,12,2,93.0,95.3,86.4,83.7,6.7,11.6,0.273,3.0,18.8,0.0,0.091,0.047,6.3,0.55,0.51,0.277,0.283,109.93,109.48,91.23,43,0.161
22024,1630228,0022400019,"NOV 15, 2024",GSW vs. MEM,W,18,3,13,0.231,0,4,0.0,2,4,0.5,2,2,4,2,0,0,1,5,8,2,102.3,101.4,93.3,94.4,9.0,7.0,0.154,2.0,11.1,0.083,0.083,0.083,5.6,0.231,0.271,0.333,0.338,117.34,117.5,97.91,43,-0.075
22024,1630228,0022400007,"NOV 12, 2024",GSW vs. DAL,W,28,6,11,0.545,2,5,0.4,2,4,0.5,2,3,5,1,1,0,0,2,16,-1,116.9,120.0,118.6,121.3,-1.7,-1.2,0.053,0.0,7.1,0.074,0.13,0.1,0.0,0.636,0.627,0.186,0.19,100.36,102.79,85.66,59,0.107
22024,1630228,0022400207,"NOV 10, 2024",GSW @ OKC,W,26,8,11,0.727,2,4,0.5,2,3,0.667,1,4,5,1,0,1,2,2,20,7,118.2,119.5,103.6,100.5,14.6,19.0,0.071,0.5,6.7,0.04,0.133,0.091,13.3,0.818,0.812,0.23,0.24,102.04,101.02,84.19,55,0.172
22024,1630228,0022400188,"NOV 08, 2024",GSW @ CLE,L,29,7,14,0.5,3,7,0.429,4,6,0.667,1,4,5,5,2,1,3,2,21,-4,104.5,104.5,112.1,110.8,-7.6,-6.2,0.238,1.67,20.0,0.036,0.143,0.089,12.0,0.607,0.631,0.27,0.274,110.38,109.75,91.46,67,0.146
22024,1630228,0022400172,"NOV 06, 2024",GSW @ BOS,W,18,4,10,0.4,2,3,0.667,0,0,0.0,0,4,4,1,0,0,1,3,10,-2,120.6,119.5,126.5,127.5,-5.9,-8.1,0.091,1.0,8.3,0.0,0.174,0.089,8.3,0.5,0.5,0.275,0.28,90.97,90.92,75.77,34,0.071
22024,1630228,0022400155,"NOV 04, 2024",GSW @ WAS,W,25,7,15,0.467,0,2,0.0,1,4,0.25,3,3,6,2,1,0,0,0,15,3,121.1,125.4,113.8,118.2,7.3,7.2,0.105,0.0,10.5,0.097,0.143,0.115,0.0,0.467,0.447,0.254,0.261,105.25,109.16,90.97,57,0.088
22024,1630228,0022400144,"NOV 02, 2024",GSW @ HOU,W,26,7,12,0.583,2,3,0.667,7,10,0.7,1,5,6,1,0,0,4,0,23,18,129.8,133.8,101.8,98.3,28.0,35.5,0.059,0.25,4.5,0.045,0.128,0.098,18.2,0.667,0.701,0.333,0.348,101.96,101.71,84.76,57,0.17
22024,1630228,0022400126,"OCT 30, 2024",GSW vs. NOP,W,27,6,12,0.5,0,1,0.0,4,5,0.8,2,2,4,2,1,0,1,4,16,8,120.0,117.0,98.1,98.0,21.9,19.0,0.125,2.0,11.8,0.08,0.056,0.066,5.9,0.5,0.563,0.254,0.253,91.88,90.72,75.6,50,0.118
22024,1630228,0022400116,"OCT 29, 2024",GSW vs. NOP,W,28,6,13,0.462,1,3,0.333,4,4,1.0,0,3,3,3,2,1,2,0,17,4,108.9,106.1,101.8,95.6,7.1,10.4,0.176,1.5,15.0,0.0,0.136,0.055,10.0,0.5,0.576,0.254,0.263,99.68,95.32,79.43,56,0.159
22024,1630228,0022400101,"OCT 27, 2024",GSW vs. LAC,L,22,4,10,0.4,1,6,0.167,3,6,0.5,3,2,5,1,3,0,1,2,12,0,117.6,117.0,122.4,123.2,-4.8,-6.1,0.056,1.0,6.7,0.143,0.111,0.128,6.7,0.45,0.475,0.25,0.253,108.84,108.84,90.7,51,0.069
22024,1630228,0022400084,"OCT 25, 2024",GSW @ UTA,W,18,1,5,0.2,0,1,0.0,0,0,0.0,0,1,1,1,0,1,0,0,2,8,124.3,121.1,100.0,91.5,24.3,29.5,0.056,0.0,16.7,0.0,0.034,0.02,0.0,0.2,0.2,0.111,0.111,108.03,101.89,84.91,37,0.007
22024,1630228,0022400072,"OCT 23, 2024",GSW @ POR,W,20,3,9,0.333,0,2,0.0,4,6,0.667,1,3,4,1,0,1,4,3,10,0,91.5,89.9,91.5,93.6,0.0,-3.7,0.091,0.25,5.9,0.042,0.125,0.083,23.5,0.333,0.43,0.302,0.303,115.35,115.59,96.33,47,0.0
22024,203937,0022400366,"DEC 19, 2024",GSW @ MEM,L,20,4,8,0.5,3,4,0.75,0,0,0.0,0,3,3,3,0,2,0,3,11,-6,109.3,106.6,120.5,115.3,-11.2,-8.7,0.214,0.0,27.3,0.0,0.13,0.065,0.0,0.688,0.688,0.17,0.174,109.88,106.17,88.47,43,0.111
22024,203937,0022401204,"DEC 11, 2024",GSW @ HOU,L,4,0,1,0.0,0,0,0.0,0,0,0.0,0,0,0,0,0,0,1,0,0,-5,55.6,50.0,125.0,126.9,-69.4,-76.9,0.0,0.0,0.0,0.0,0.0,0.0,50.0,0.0,0.0,0.182,0.2,109.56,104.17,86.81,9,-0.19
22024,203937,0022400355,"DEC 08, 2024",GSW vs. MIN,W,8,1,3,0.333,1,1,1.0,0,0,0.0,0,2,2,0,0,0,0,2,3,2,100.0,87.3,87.5,95.6,12.5,-8.3,0.0,0.0,0.0,0.0,0.25,0.1,0.0,0.5,0.5,0.13,0.134,97.46,94.62,78.85,16,0.057
22024,203937,0022400338,"DEC 06, 2024",GSW vs. MIN,L,12,2,3,0.667,0,0,0.0,0,0,0.0,0,1,1,1,0,0,0,0,4,0,108.3,108.0,100.0,93.3,8.3,14.7,0.143,0.0,25.0,0.0,0.083,0.045,0.0,0.667,0.667,0.103,0.107,106.04,102.04,85.03,24,0.119
22024,203937,0022400332,"DEC 05, 2024",GSW vs. HOU,W,14,3,5,0.6,0,1,0.0,2,2,1.0,0,2,2,2,0,0,1,0,8,-1,96.7,102.8,103.4,104.7,-6.8,-1.9,0.25,2.0,22.2,0.0,0.125,0.059,11.1,0.6,0.68,0.206,0.217,97.53,101.24,84.37,30,0.173
22024,203937,0022400058,"DEC 03, 2024",GSW @ DEN,L,19,2,4,0.5,0,0,0.0,0,0,0.0,0,6,6,5,1,1,0,1,4,0,111.6,108.9,117.1,117.0,-5.4,-8.1,0.333,0.0,55.6,0.0,0.333,0.158,0.0,0.5,0.5,0.082,0.085,106.89,105.49,87.9,43,0.144
22024,203937,0022400303,"NOV 30, 2024",GSW @ PHX,L,7,1,2,0.5,0,0,0.0,0,0,0.0,0,2,2,1,1,0,0,0,2,-3,88.2,94.5,112.5,112.5,-24.3,-18.0,0.25,0.0,33.3,0.0,0.333,0.143,0.0,0.5,0.5,0.118,0.126,105.53,109.24,91.03,17,0.13
22024,203937,0022400299,"NOV 27, 2024",GSW vs. OKC,L,17,4,8,0.5,1,2,0.5,1,2,0.5,0,2,2,3,1,0,0,2,10,-6,86.5,84.7,105.6,105.7,-19.1,-20.9,0.375,0.0,27.3,0.0,0.105,0.048,0.0,0.563,0.563,0.17,0.183,101.91,100.91,84.09,37,0.145
22024,203937,0022400284,"NOV 25, 2024",GSW vs. BKN,L,14,2,3,0.667,0,0,0.0,0,0,0.0,0,2,2,3,0,0,1,1,4,-14,89.7,88.3,130.0,129.7,-40.3,-41.3,0.375,3.0,42.9,0.0,0.143,0.067,14.3,0.667,0.667,0.121,0.123,101.43,100.54,83.79,29,0.093
22024,203937,0022400269,"NOV 23, 2024",GSW @ SAS,L,13,3,5,0.6,0,1,0.0,0,1,0.0,0,5,5,1,0,0,1,2,6,-8,72.0,70.8,100.0,98.8,-28.0,-28.0,0.2,1.0,14.3,0.0,0.294,0.128,14.3,0.6,0.551,0.188,0.191,96.41,94.99,79.16,25,0.13
22024,203937,0022400032,"NOV 22, 2024",GSW @ NOP,W,5,1,1,1.0,0,0,0.0,0,1,0.0,1,0,1,0,0,0,3,0,2,-8,63.6,61.2,150.0,153.7,-86.4,-92.5,0.0,0.0,0.0,0.143,0.0,0.083,75.0,1.0,0.694,0.308,0.322,104.91,103.92,86.6,11,-0.077
22024,203937,0022400258,"NOV 20, 2024",GSW vs. ATL,W,15,1,6,0.167,0,1,0.0,0,0,0.0,0,1,1,4,3,0,1,2,2,5,81.1,82.6,67.6,67.9,13.5,14.7,0.333,4.0,36.4,0.0,0.042,0.021,9.1,0.167,0.167,0.159,0.162,117.97,119.33,99.44,37,0.052
22024,203937,0022400251,"NOV 18, 2024",GSW @ LAC,L,13,1,4,0.25,0,2,0.0,0,0,0.0,0,2,2,2,1,0,0,2,2,-2,92.6,95.9,96.4,91.8,-3.8,4.0,0.222,0.0,33.3,0.0,0.133,0.071,0.0,0.25,0.25,0.133,0.142,106.42,105.5,87.92,27,0.045
22024,203937,0022400019,"NOV 15, 2024",GSW vs. MEM,W,19,3,7,0.429,2,3,0.667,0,0,0.0,0,4,4,4,0,2,1,3,8,6,113.0,110.7,100.0,99.7,13.0,11.1,0.267,4.0,33.3,0.0,0.133,0.074,8.3,0.571,0.571,0.148,0.157,117.32,115.91,96.59,46,0.106
22024,203937,0022400207,"NOV 10, 2024",GSW @ OKC,W,20,2,6,0.333,0,2,0.0,2,2,1.0,2,3,5,5,1,0,0,0,6,7,125.6,125.4,105.0,102.5,20.6,22.8,0.333,0.0,41.7,0.091,0.12,0.106,0.0,0.333,0.436,0.152,0.155,94.1,92.88,77.4,39,0.152
22024,203937,0022400188,"NOV 08, 2024",GSW @ CLE,L,14,2,5,0.4,0,2,0.0,0,0,0.0,0,3,3,2,0,1,0,2,4,-14,100.0,97.2,145.2,140.8,-45.2,-43.6,0.182,0.0,28.6,0.0,0.333,0.12,0.0,0.4,0.4,0.143,0.143,108.66,105.53,87.94,31,0.066
22024,203937,0022400172,"NOV 06, 2024",GSW @ BOS,W,20,3,9,0.333,3,4,0.75,2,2,1.0,0,5,5,4,0,1,0,1,11,-2,116.3,119.5,118.2,123.3,-1.9,-3.8,0.308,0.0,28.6,0.0,0.2,0.114,0.0,0.5,0.557,0.213,0.223,101.37,104.99,87.49,43,0.144
22024,203937,0022400155,"NOV 04, 2024",GSW @ WAS,W,16,1,3,0.333,0,0,0.0,4,6,0.667,1,2,3,1,0,2,0,2,6,10,124.2,128.9,96.9,90.3,27.4,38.6,0.091,0.0,14.3,0.05,0.105,0.077,0.0,0.333,0.532,0.15,0.155,99.7,98.01,81.68,33,0.08
22024,203937,0022400144,"NOV 02, 2024",GSW @ HOU,W,24,4,10,0.4,1,4,0.25,0,0,0.0,0,3,3,2,1,1,1,0,9,-2,90.4,93.0,98.0,95.7,-7.6,-2.7,0.2,2.0,15.4,0.0,0.088,0.05,7.7,0.45,0.45,0.186,0.194,101.11,101.35,84.45,52,0.13
22024,203937,0022400126,"OCT 30, 2024",GSW vs. NOP,W,15,4,4,1.0,1,1,1.0,1,2,0.5,1,3,4,2,0,1,0,1,10,1,103.1,100.4,100.0,101.5,3.1,-1.2,0.2,0.0,28.6,0.059,0.188,0.121,0.0,1.125,1.025,0.132,0.132,101.02,100.39,83.66,32,0.252
22024,203937,0022400116,"OCT 29, 2024",GSW vs. NOP,W,20,0,9,0.0,0,6,0.0,1,2,0.5,0,2,2,4,5,0,0,1,1,9,117.9,113.2,97.4,91.6,20.6,21.6,0.235,0.0,28.6,0.0,0.143,0.056,0.0,0.0,0.051,0.208,0.219,98.15,93.25,77.71,39,0.014
22024,203937,0022400101,"OCT 27, 2024",GSW vs. LAC,L,4,0,0,0.0,0,0,0.0,0,0,0.0,1,0,1,0,0,0,1,0,0,-9,0.0,0.0,112.5,91.1,-112.5,-91.1,0.0,0.0,0.0,0.167,0.0,0.083,100.0,0.0,0.0,0.1,0.101,119.53,101.95,84.96,8,0.143
22024,203937,0022400084,"OCT 25, 2024",GSW @ UTA,W,19,3,7,0.429,1,4,0.25,0,0,0.0,2,4,6,3,2,0,0,0,7,18,102.4,105.6,58.5,55.9,43.9,49.8,0.214,0.0,30.0,0.091,0.182,0.136,0.0,0.5,0.5,0.146,0.147,105.63,104.71,87.26,41,0.271
22024,203937,0022400072,"OCT 23, 2024",GSW @ POR,W,15,1,2,0.5,0,1,0.0,0,0,0.0,3,2,5,3,2,1,1,1,2,5,102.9,106.2,85.7,88.1,17.2,18.1,0.273,3.0,50.0,0.167,0.111,0.139,16.7,0.5,0.5,0.075,0.079,108.28,111.52,92.93,34,0.163
22024,1641764,0022400366,"DEC 19, 2024",GSW @ MEM,L,25,9,13,0.692,2,5,0.4,1,2,0.5,2,2,4,6,2,0,0,0,21,-8,110.9,109.2,127.8,123.3,-16.9,-14.1,0.429,0.0,30.0,0.074,0.071,0.073,0.0,0.769,0.756,0.233,0.238,106.06,103.4,86.17,55,0.212
22024,1641764,0022401228,"DEC 15, 2024",GSW vs. DAL,L,16,1,5,0.2,1,3,0.333,0,0,0.0,0,1,1,2,0,0,0,1,3,-1,108.8,116.1,108.6,108.3,0.3,7.7,0.167,0.0,28.6,0.0,0.053,0.026,0.0,0.3,0.3,0.128,0.136,101.5,104.59,87.16,34,0.013
22024,1641764,0022401204,"DEC 11, 2024",GSW @ HOU,L,31,3,9,0.333,2,5,0.4,0,0,0.0,1,1,2,4,2,0,1,0,8,4,91.4,89.5,86.0,80.6,5.4,8.9,0.235,4.0,28.6,0.032,0.033,0.033,7.1,0.444,0.444,0.149,0.161,94.39,90.49,75.41,58,0.098
22024,1641764,0022400355,"DEC 08, 2024",GSW vs. MIN,W,20,2,5,0.4,2,4,0.5,0,0,0.0,2,1,3,3,0,0,0,2,6,-2,109.1,111.2,119.0,120.4,-10.0,-9.2,0.214,0.0,37.5,0.074,0.077,0.075,0.0,0.6,0.6,0.094,0.1,101.01,102.58,85.49,44,0.067
22024,1641764,0022400338,"DEC 06, 2024",GSW vs. MIN,L,25,3,7,0.429,2,5,0.4,0,0,0.0,0,6,6,2,2,0,2,0,8,-16,86.5,88.7,122.0,119.7,-35.5,-31.0,0.143,1.0,18.2,0.0,0.3,0.125,18.2,0.571,0.571,0.153,0.161,98.33,98.6,82.16,52,0.111
22024,1641764,0022400332,"DEC 05, 2024",GSW vs. HOU,W,37,2,9,0.222,1,3,0.333,3,4,0.75,1,10,11,3,0,0,2,0,8,13,101.4,103.0,83.8,84.1,17.6,18.9,0.12,1.5,18.8,0.025,0.213,0.126,12.5,0.278,0.372,0.151,0.157,95.77,96.74,80.62,74,0.1
22024,1641764,0022400058,"DEC 03, 2024",GSW @ DEN,L,25,6,11,0.545,0,3,0.0,1,1,1.0,1,3,4,4,2,0,2,5,13,-13,89.5,88.5,112.3,110.7,-22.8,-22.2,0.308,2.0,23.5,0.034,0.12,0.074,11.8,0.545,0.568,0.206,0.208,112.89,111.52,92.93,57,0.102
22024,1641764,0022400303,"NOV 30, 2024",GSW @ PHX,L,33,4,8,0.5,2,4,0.5,2,2,1.0,0,7,7,4,1,1,1,1,12,7,108.6,108.8,101.5,102.6,7.1,6.3,0.167,4.0,28.6,0.0,0.206,0.1,7.1,0.625,0.676,0.128,0.132,99.67,100.31,83.59,70,0.128
22024,1641764,0022400299,"NOV 27, 2024",GSW vs. OKC,L,30,4,10,0.4,1,4,0.25,3,3,1.0,2,6,8,5,0,1,2,0,12,-6,90.8,88.7,101.6,100.6,-10.8,-11.9,0.333,2.5,27.8,0.042,0.176,0.098,11.1,0.45,0.53,0.159,0.166,106.26,104.58,87.15,65,0.159
22024,1641764,0022400284,"NOV 25, 2024",GSW vs. BKN,L,23,2,5,0.4,1,3,0.333,2,2,1.0,1,0,1,6,0,1,0,2,7,-10,100.0,97.2,125.0,119.7,-25.0,-22.4,0.429,0.0,50.0,0.034,0.0,0.021,0.0,0.5,0.595,0.111,0.115,97.81,94.37,78.65,45,0.108
22024,1641764,0022400269,"NOV 23, 2024",GSW @ SAS,L,16,0,3,0.0,0,1,0.0,0,0,0.0,0,3,3,2,0,0,1,0,0,-14,72.7,75.3,122.6,118.0,-49.9,-42.7,0.2,2.0,33.3,0.0,0.188,0.091,16.7,0.0,0.0,0.114,0.118,98.8,98.67,82.23,33,0.017
22024,1641764,0022400032,"NOV 22, 2024",GSW @ NOP,W,21,5,11,0.455,0,5,0.0,1,1,1.0,2,3,5,3,0,0,1,0,11,-3,86.7,92.0,91.3,99.8,-4.6,-7.8,0.3,3.0,20.0,0.077,0.111,0.094,6.7,0.455,0.481,0.226,0.243,97.11,104.61,87.17,45,0.149
22024,1641764,0022400258,"NOV 20, 2024",GSW vs. ATL,W,15,1,6,0.167,1,1,1.0,0,0,0.0,1,1,2,2,1,0,1,1,3,-1,71.4,74.3,76.5,75.6,-5.0,-1.3,0.286,2.0,22.2,0.043,0.045,0.044,11.1,0.25,0.25,0.171,0.191,106.85,108.35,90.29,35,0.016
22024,1641764,0022400251,"NOV 18, 2024",GSW @ LAC,L,16,0,4,0.0,0,2,0.0,1,3,0.333,2,3,5,2,1,0,1,1,1,2,94.1,94.2,85.7,82.4,8.4,11.8,0.154,2.0,25.0,0.118,0.158,0.139,12.5,0.0,0.094,0.158,0.162,108.13,106.04,88.37,34,0.0
22024,1641764,0022400019,"NOV 15, 2024",GSW vs. MEM,W,28,3,6,0.5,1,4,0.25,4,4,1.0,0,7,7,5,1,0,0,2,11,-2,112.3,109.8,111.9,111.9,0.4,-2.1,0.25,0.0,38.5,0.0,0.194,0.104,0.0,0.583,0.709,0.107,0.11,115.41,114.13,95.11,65,0.153
22024,1641764,0022400007,"NOV 12, 2024",GSW vs. DAL,W,17,1,2,0.5,1,1,1.0,0,0,0.0,0,1,1,1,0,0,0,2,3,-19,97.2,101.7,150.0,147.4,-52.8,-45.6,0.083,0.0,33.3,0.0,0.143,0.036,0.0,0.75,0.75,0.044,0.046,102.2,103.58,86.31,36,0.026
22024,1641764,0022400207,"NOV 10, 2024",GSW @ OKC,W,15,0,2,0.0,0,1,0.0,0,0,0.0,0,1,1,1,0,0,1,4,0,-10,93.1,92.5,123.3,117.8,-30.2,-25.4,0.111,1.0,25.0,0.0,0.063,0.03,25.0,0.0,0.0,0.088,0.093,96.42,93.88,78.23,29,-0.104
22024,1641764,0022400188,"NOV 08, 2024",GSW @ CLE,L,27,6,12,0.5,1,6,0.167,1,2,0.5,2,5,7,4,4,0,1,1,14,7,122.0,117.9,108.3,107.3,13.7,10.6,0.174,4.0,22.2,0.063,0.217,0.127,5.6,0.542,0.543,0.203,0.206,110.2,107.77,89.81,59,0.144
22024,1641764,0022400155,"NOV 04, 2024",GSW @ WAS,W,13,1,3,0.333,0,1,0.0,0,0,0.0,0,4,4,1,1,0,1,2,2,6,92.9,96.7,74.1,77.3,18.8,19.4,0.1,1.0,20.0,0.0,0.364,0.129,20.0,0.333,0.333,0.111,0.115,96.66,100.76,83.97,28,0.073
22024,1641764,0022400144,"NOV 02, 2024",GSW @ HOU,W,38,5,11,0.455,0,3,0.0,2,4,0.5,0,5,5,6,0,1,3,6,12,7,127.0,132.0,114.5,113.5,12.6,18.6,0.231,2.0,27.3,0.0,0.114,0.068,13.6,0.455,0.47,0.203,0.21,94.06,95.41,79.51,74,0.042
22024,1641764,0022400126,"OCT 30, 2024",GSW vs. NOP,W,38,5,15,0.333,2,7,0.286,1,2,0.5,2,6,8,7,1,0,4,2,13,13,109.3,109.6,92.0,90.5,17.3,19.1,0.259,1.75,25.9,0.056,0.136,0.1,14.8,0.4,0.409,0.241,0.241,95.19,94.49,78.74,75,0.084
22024,1641764,0022400116,"OCT 29, 2024",GSW vs. NOP,W,34,8,18,0.444,3,8,0.375,0,0,0.0,1,2,3,5,1,2,0,2,19,17,130.9,131.0,105.9,106.3,25.0,24.6,0.2,0.0,21.7,0.027,0.065,0.044,0.0,0.528,0.528,0.228,0.234,97.11,97.34,81.11,68,0.103
22024,1641764,0022400101,"OCT 27, 2024",GSW vs. LAC,L,25,2,8,0.25,0,5,0.0,0,0,0.0,1,4,5,4,0,0,2,2,4,-2,105.8,108.4,111.8,115.9,-6.0,-7.5,0.222,2.0,28.6,0.031,0.182,0.093,14.3,0.25,0.25,0.156,0.165,97.05,100.08,83.4,52,0.027
22024,1641764,0022400084,"OCT 25, 2024",GSW @ UTA,W,25,7,14,0.5,1,5,0.2,0,0,0.0,1,4,5,1,1,1,0,2,15,24,116.4,119.0,74.1,70.7,42.3,48.4,0.053,0.0,6.7,0.032,0.143,0.085,0.0,0.536,0.536,0.212,0.216,107.52,106.2,88.5,55,0.144
22024,1641764,0022400072,"OCT 23, 2024",GSW @ POR,W,25,0,5,0.0,0,4,0.0,0,0,0.0,4,3,7,4,1,0,3,3,0,35,168.5,168.8,101.8,99.4,66.7,69.4,0.125,1.33,33.3,0.19,0.097,0.135,25.0,0.0,0.0,0.121,0.127,106.15,104.92,87.43,54,-0.008
22024,1630541,0022400355,"DEC 08, 2024",GSW vs. MIN,W,5,1,4,0.25,0,2,0.0,0,0,0.0,0,1,1,0,0,0,0,0,2,-4,100.0,81.8,130.0,131.6,-30.0,-49.8,0.0,0.0,0.0,0.0,0.333,0.091,0.0,0.25,0.25,0.308,0.308,98.91,90.0,75.0,9,0.0
22024,1630541,0022400338,"DEC 06, 2024",GSW vs. MIN,L,7,1,2,0.5,1,2,0.5,0,0,0.0,1,0,1,0,0,0,1,0,3,-3,123.1,108.4,135.7,132.7,-12.6,-24.3,0.0,0.0,0.0,0.111,0.0,0.063,33.3,0.75,0.75,0.167,0.16,107.1,99.44,82.86,13,0.041
22024,1630541,0022400332,"DEC 05, 2024",GSW vs. HOU,W,23,1,7,0.143,1,5,0.2,3,6,0.5,0,1,1,1,0,0,0,1,6,-9,97.9,99.4,119.1,120.7,-21.2,-21.3,0.059,0.0,9.1,0.0,0.042,0.019,0.0,0.214,0.311,0.182,0.188,96.99,98.36,81.97,48,-0.021
22024,1630541,0022400058,"DEC 03, 2024",GSW @ DEN,L,21,4,10,0.4,2,6,0.333,3,3,1.0,0,2,2,1,1,0,0,2,13,0,110.2,112.3,115.2,115.1,-5.0,-2.8,0.063,0.0,8.3,0.0,0.1,0.049,0.0,0.5,0.574,0.196,0.211,109.13,110.15,91.79,49,0.081
22024,1630541,0022400303,"NOV 30, 2024",GSW @ PHX,L,3,0,1,0.0,0,1,0.0,0,0,0.0,0,0,0,0,0,0,1,0,0,-5,83.3,79.1,166.7,200.0,-83.3,-120.9,0.0,0.0,0.0,0.0,0.0,0.0,50.0,0.0,0.0,0.222,0.24,98.2,104.1,86.75,6,-0.133
22024,1630541,0022400299,"NOV 27, 2024",GSW vs. OKC,L,13,0,4,0.0,0,3,0.0,0,0,0.0,1,1,2,1,0,0,1,2,0,0,96.4,102.6,96.4,100.1,0.0,2.4,0.1,1.0,16.7,0.077,0.071,0.074,16.7,0.0,0.0,0.152,0.171,98.74,103.78,86.49,28,-0.106
22024,1630541,0022400284,"NOV 25, 2024",GSW vs. BKN,L,16,6,8,0.75,3,5,0.6,0,0,0.0,1,1,2,1,0,2,0,2,15,1,119.4,119.8,120.0,126.7,-0.6,-6.8,0.091,0.0,11.1,0.063,0.1,0.077,0.0,0.938,0.938,0.195,0.206,102.81,105.73,88.11,36,0.169
22024,1630541,0022400269,"NOV 23, 2024",GSW @ SAS,L,22,2,8,0.25,0,2,0.0,2,2,1.0,1,0,1,1,1,0,0,0,6,-13,86.7,90.0,120.9,114.2,-34.3,-24.2,0.071,0.0,10.0,0.042,0.0,0.021,0.0,0.25,0.338,0.184,0.19,97.73,96.81,80.67,45,0.029
22024,1630541,0022400032,"NOV 22, 2024",GSW @ NOP,W,20,1,4,0.25,0,2,0.0,1,1,1.0,0,2,2,1,0,1,0,2,3,1,107.3,105.0,104.9,108.9,2.4,-4.0,0.077,0.0,20.0,0.0,0.067,0.041,0.0,0.25,0.338,0.085,0.087,99.74,100.48,83.73,41,0.025
22024,1630541,0022400258,"NOV 20, 2024",GSW vs. ATL,W,19,1,5,0.2,0,3,0.0,1,2,0.5,0,3,3,1,0,0,0,1,3,-10,79.5,78.1,104.7,104.5,-25.1,-26.4,0.091,0.0,14.3,0.0,0.125,0.055,0.0,0.2,0.255,0.113,0.12,110.09,108.94,90.78,44,0.014
22024,1630541,0022400251,"NOV 18, 2024",GSW @ LAC,L,16,2,4,0.5,1,3,0.333,0,0,0.0,0,3,3,1,0,0,3,2,5,3,111.4,111.9,100.0,103.0,11.4,9.0,0.071,0.33,12.5,0.0,0.167,0.091,37.5,0.625,0.625,0.189,0.19,105.25,107.06,89.21,35,0.027
22024,1630541,0022400019,"NOV 15, 2024",GSW vs. MEM,W,16,4,8,0.5,3,5,0.6,3,5,0.6,0,3,3,1,0,0,2,2,14,2,107.3,105.2,102.4,98.8,4.9,6.4,0.1,0.5,7.7,0.0,0.111,0.067,15.4,0.688,0.686,0.255,0.268,122.89,119.45,99.54,41,0.114
22024,1630541,0022400007,"NOV 12, 2024",GSW vs. DAL,W,12,1,4,0.25,0,2,0.0,2,2,1.0,0,2,2,0,0,2,1,1,4,-15,87.0,96.9,159.1,150.1,-72.1,-53.2,0.0,0.0,0.0,0.0,0.333,0.1,16.7,0.25,0.41,0.2,0.217,88.53,90.63,75.52,23,0.041
22024,1630541,0022400207,"NOV 10, 2024",GSW @ OKC,W,11,1,4,0.25,1,3,0.333,0,0,0.0,0,0,0,0,0,0,0,0,3,-7,94.7,93.2,119.0,117.3,-24.3,-24.1,0.0,0.0,0.0,0.0,0.0,0.0,0.0,0.375,0.375,0.19,0.188,91.73,90.28,75.24,19,0.0
22024,1630541,0022400188,"NOV 08, 2024",GSW @ CLE,L,17,5,10,0.5,1,3,0.333,0,0,0.0,0,2,2,1,0,0,1,1,11,-6,115.8,109.1,128.2,126.5,-12.4,-17.4,0.077,1.0,8.3,0.0,0.167,0.063,8.3,0.55,0.55,0.256,0.254,113.16,109.13,90.94,38,0.077
22024,1630541,0022400172,"NOV 06, 2024",GSW @ BOS,W,13,3,5,0.6,1,2,0.5,2,2,1.0,3,3,6,0,1,0,0,1,9,-5,96.4,93.9,118.5,117.1,-22.1,-23.2,0.0,0.0,0.0,0.188,0.2,0.194,0.0,0.7,0.765,0.188,0.183,100.19,98.26,81.89,28,0.205
22024,1630541,0022400155,"NOV 04, 2024",GSW @ WAS,W,15,3,7,0.429,1,4,0.25,3,3,1.0,1,0,1,1,1,0,0,0,10,-6,133.3,136.3,147.1,145.3,-13.7,-9.0,0.077,0.0,11.1,0.056,0.0,0.04,0.0,0.5,0.601,0.2,0.204,106.81,107.32,89.43,33,0.101
22024,1630541,0022400144,"NOV 02, 2024",GSW @ HOU,W,17,2,2,1.0,2,2,1.0,3,5,0.6,0,0,0,2,0,0,0,0,9,8,129.0,128.4,94.1,98.0,34.9,30.3,0.182,0.0,33.3,0.0,0.0,0.0,0.0,1.5,1.071,0.129,0.128,91.6,93.32,77.77,31,0.137
22024,1630541,0022400126,"OCT 30, 2024",GSW vs. NOP,W,30,3,9,0.333,2,6,0.333,0,0,0.0,1,3,4,3,0,0,3,3,8,18,119.7,120.6,90.2,90.8,29.5,29.9,0.12,1.0,20.0,0.034,0.071,0.056,20.0,0.444,0.444,0.167,0.17,96.57,97.28,81.06,61,0.022
22024,1630541,0022400116,"OCT 29, 2024",GSW vs. NOP,W,18,6,8,0.75,5,6,0.833,0,0,0.0,0,2,2,1,0,1,1,2,17,-4,125.0,122.0,132.4,132.1,-7.4,-10.1,0.091,1.0,10.0,0.0,0.182,0.077,10.0,1.063,1.063,0.231,0.244,101.43,100.11,83.43,36,0.153
22024,1630541,0022400101,"OCT 27, 2024",GSW vs. LAC,L,12,1,3,0.333,1,2,0.5,0,2,0.0,1,1,2,0,0,0,2,1,3,-5,76.0,73.8,100.0,95.2,-24.0,-21.5,0.0,0.0,0.0,0.053,0.063,0.057,33.3,0.5,0.387,0.176,0.178,104.09,100.09,83.4,25,-0.106
22024,1630541,0022400084,"OCT 25, 2024",GSW @ UTA,W,19,5,10,0.5,2,5,0.4,0,0,0.0,0,1,1,1,2,0,2,0,12,18,102.4,105.6,58.5,55.9,43.9,49.8,0.083,0.5,7.7,0.0,0.045,0.023,15.4,0.6,0.6,0.25,0.251,105.63,104.71,87.26,41,0.188
22024,1630541,0022400072,"OCT 23, 2024",GSW @ POR,W,15,5,11,0.455,3,8,0.375,2,2,1.0,0,2,2,2,0,0,0,3,15,10,127.0,140.7,105.7,107.3,21.3,33.4,0.182,0.0,14.3,0.0,0.118,0.061,0.0,0.591,0.631,0.279,0.305,109.46,116.1,96.75,37,0.137
22024,1626172,0022400366,"DEC 19, 2024",GSW @ MEM,L,12,1,5,0.2,0,0,0.0,0,2,0.0,4,0,4,0,2,0,0,2,2,-23,63.0,61.5,142.9,148.8,-79.9,-87.3,0.0,0.0,0.0,0.211,0.0,0.16,0.0,0.2,0.17,0.176,0.184,108.18,109.14,90.95,27,-0.04
22024,1626172,0022401228,"DEC 15, 2024",GSW vs. DAL,L,21,2,3,0.667,0,0,0.0,0,0,0.0,0,3,3,6,0,0,0,0,4,-15,139.1,131.6,168.1,162.8,-29.0,-31.2,0.273,0.0,66.7,0.0,0.25,0.088,0.0,0.667,0.667,0.058,0.058,109.13,104.46,87.05,46,0.077
22024,1626172,0022401204,"DEC 11, 2024",GSW @ HOU,L,11,1,3,0.333,0,0,0.0,0,0,0.0,1,6,7,1,0,0,0,1,2,-4,69.6,68.3,87.0,85.8,-17.4,-17.5,0.167,0.0,25.0,0.077,0.5,0.28,0.0,0.333,0.333,0.111,0.118,99.02,97.41,81.18,23,0.236
22024,1626172,0022400355,"DEC 08, 2024",GSW vs. MIN,W,21,6,8,0.75,0,0,0.0,0,0,0.0,5,4,9,1,0,0,0,0,12,5,114.3,112.0,102.4,104.2,11.9,7.9,0.1,0.0,11.1,0.192,0.25,0.214,0.0,0.75,0.75,0.151,0.157,94.93,94.8,79.0,42,0.248
22024,1626172,0022400338,"DEC 06, 2024",GSW vs. MIN,L,22,1,1,1.0,0,0,0.0,0,0,0.0,1,4,5,3,1,1,0,2,2,-11,100.0,101.6,125.6,117.2,-25.6,-15.6,0.188,0.0,75.0,0.053,0.211,0.132,0.0,1.0,1.0,0.021,0.022,95.64,93.04,77.54,43,0.094
22024,1626172,0022400332,"DEC 05, 2024",GSW vs. HOU,W,27,2,7,0.286,0,0,0.0,0,0,0.0,5,6,11,3,1,0,0,3,4,21,101.8,107.6,66.1,65.5,35.7,42.1,0.167,0.0,30.0,0.172,0.154,0.162,0.0,0.286,0.286,0.108,0.115,98.52,100.8,84.0,57,0.116
22024,1626172,0022400058,"DEC 03, 2024",GSW @ DEN,L,25,2,3,0.667,0,0,0.0,1,4,0.25,4,7,11,5,2,1,3,6,5,-3,112.5,110.2,111.9,119.0,0.6,-8.7,0.227,1.67,38.5,0.167,0.318,0.239,23.1,0.667,0.525,0.129,0.131,110.07,112.38,93.65,56,0.064
22024,1626172,0022400303,"NOV 30, 2024",GSW @ PHX,L,16,4,4,1.0,0,0,0.0,1,1,1.0,2,4,6,1,0,0,0,2,9,-1,108.3,106.8,111.1,116.7,-2.8,-9.9,0.1,0.0,20.0,0.095,0.308,0.176,0.0,1.0,1.014,0.1,0.101,105.76,107.55,89.63,36,0.16
22024,1626172,0022400299,"NOV 27, 2024",GSW vs. OKC,L,12,1,5,0.2,0,0,0.0,1,2,0.5,5,4,9,1,0,0,1,2,3,-1,80.0,84.2,84.0,86.1,-4.0,-1.9,0.167,1.0,12.5,0.263,0.267,0.265,12.5,0.2,0.255,0.212,0.228,97.4,101.12,84.27,25,0.096
22024,1626172,0022400284,"NOV 25, 2024",GSW vs. BKN,L,13,2,3,0.667,0,0,0.0,0,2,0.0,1,3,4,0,2,0,1,3,4,7,108.0,99.3,83.3,87.9,24.7,11.4,0.0,0.0,0.0,0.063,0.3,0.154,20.0,0.667,0.515,0.161,0.166,95.8,93.95,78.3,25,0.071
22024,1626172,0022400269,"NOV 23, 2024",GSW @ SAS,L,13,4,5,0.8,0,0,0.0,0,2,0.0,3,4,7,0,2,0,2,2,8,-10,88.5,88.2,126.9,128.7,-38.5,-40.5,0.0,0.0,0.0,0.214,0.364,0.28,25.0,0.8,0.68,0.276,0.275,98.0,98.53,82.11,26,0.173
22024,1626172,0022400032,"NOV 22, 2024",GSW @ NOP,W,14,2,2,1.0,0,0,0.0,0,0,0.0,2,5,7,2,0,0,0,2,4,3,92.9,97.2,76.7,81.9,16.2,15.3,0.222,0.0,50.0,0.133,0.238,0.194,0.0,1.0,1.0,0.063,0.065,92.91,98.26,81.88,28,0.274
22024,1626172,0022400258,"NOV 20, 2024",GSW vs. ATL,W,13,1,3,0.333,0,0,0.0,0,3,0.0,2,3,5,1,0,0,0,1,2,-4,77.4,77.5,93.3,92.7,-15.9,-15.2,0.143,0.0,20.0,0.08,0.176,0.119,0.0,0.333,0.231,0.105,0.111,109.0,108.71,90.59,31,0.024
22024,1626172,0022400019,"NOV 15, 2024",GSW vs. MEM,W,13,2,4,0.5,0,0,0.0,2,4,0.5,3,4,7,3,0,0,1,2,6,4,100.0,95.0,83.3,81.6,16.7,13.4,0.333,3.0,30.0,0.136,0.235,0.179,10.0,0.5,0.521,0.184,0.192,117.43,113.28,94.4,29,0.167
22024,1626172,0022400007,"NOV 12, 2024",GSW vs. DAL,W,15,2,5,0.4,0,0,0.0,1,2,0.5,9,2,11,2,1,0,2,2,5,-9,102.9,104.4,137.5,140.1,-34.6,-35.7,0.182,1.0,20.0,0.346,0.167,0.289,20.0,0.4,0.425,0.178,0.18,105.16,106.91,89.09,34,0.097
22024,1626172,0022400188,"NOV 08, 2024",GSW @ CLE,L,16,4,6,0.667,0,0,0.0,1,1,1.0,1,6,7,1,2,0,0,2,9,2,105.6,105.0,100.0,101.7,5.6,3.3,0.091,0.0,14.3,0.059,0.375,0.212,0.0,0.667,0.699,0.146,0.149,109.69,110.3,91.91,36,0.203
22024,1626172,0022400172,"NOV 06, 2024",GSW @ BOS,W,16,3,5,0.6,0,0,0.0,0,0,0.0,6,4,10,0,0,0,0,4,6,4,160.0,156.7,141.9,140.1,18.1,16.5,0.0,0.0,0.0,0.333,0.267,0.303,0.0,0.6,0.6,0.132,0.129,93.78,92.21,76.84,30,0.08
22024,1626172,0022400155,"NOV 04, 2024",GSW @ WAS,W,18,2,6,0.333,0,0,0.0,0,0,0.0,5,5,10,2,0,0,0,3,4,0,112.2,124.2,117.9,116.0,-5.8,8.1,0.143,0.0,25.0,0.185,0.333,0.238,0.0,0.333,0.333,0.115,0.125,102.43,106.86,89.05,41,0.077
22024,1626172,0022400144,"NOV 02, 2024",GSW @ HOU,W,20,1,3,0.333,0,0,0.0,5,8,0.625,2,5,7,2,1,1,0,3,7,12,123.3,127.2,102.5,98.2,20.8,29.0,0.133,0.0,22.2,0.111,0.172,0.149,0.0,0.333,0.537,0.146,0.153,97.7,97.19,80.99,43,0.114
22024,1626172,0022400126,"OCT 30, 2024",GSW vs. NOP,W,9,1,1,1.0,0,0,0.0,0,0,0.0,1,3,4,1,0,0,1,2,2,3,112.5,105.9,88.2,88.9,24.3,17.0,0.143,1.0,33.3,0.143,0.214,0.19,33.3,1.0,1.0,0.105,0.105,95.1,92.63,77.19,16,0.121
22024,1626172,0022400116,"OCT 29, 2024",GSW vs. NOP,W,20,2,5,0.4,0,0,0.0,0,0,0.0,5,4,9,2,2,1,1,4,4,11,116.7,116.4,88.4,94.8,28.3,21.6,0.125,2.0,25.0,0.185,0.235,0.205,12.5,0.4,0.4,0.118,0.12,98.84,102.26,85.21,42,0.083
22024,1626172,0022400101,"OCT 27, 2024",GSW vs. LAC,L,20,4,9,0.444,0,0,0.0,2,4,0.5,5,6,11,3,3,0,1,4,10,-6,88.6,93.2,104.7,107.6,-16.0,-14.3,0.273,3.0,20.0,0.179,0.375,0.25,6.7,0.444,0.465,0.222,0.231,100.08,104.05,86.71,44,0.194
22024,1626172,0022400084,"OCT 25, 2024",GSW @ UTA,W,13,4,6,0.667,0,0,0.0,1,2,0.5,7,3,10,1,0,1,1,2,9,12,126.7,124.0,83.9,78.1,42.8,45.9,0.1,1.0,11.1,0.368,0.143,0.25,11.1,0.667,0.654,0.211,0.213,114.36,109.13,90.94,30,0.206
22024,1626172,0022400072,"OCT 23, 2024",GSW @ POR,W,14,0,2,0.0,0,0,0.0,2,2,1.0,3,3,6,2,1,1,1,3,2,14,103.0,113.0,60.6,58.1,42.4,54.9,0.167,2.0,33.3,0.158,0.136,0.146,16.7,0.0,0.347,0.103,0.108,109.92,112.51,93.76,33,0.123
22024,1627741,0022400366,"DEC 19, 2024",GSW @ MEM,L,20,4,6,0.667,1,3,0.333,0,0,0.0,0,4,4,0,2,0,1,1,9,-25,84.1,82.3,144.2,140.3,-60.1,-58.0,0.0,0.0,0.0,0.0,0.167,0.083,14.3,0.75,0.75,0.149,0.146,108.57,105.94,88.28,44,0.109
22024,1627741,0022401228,"DEC 15, 2024",GSW vs. DAL,L,27,3,11,0.273,3,8,0.375,0,0,0.0,0,0,0,1,1,0,3,1,9,-19,116.9,112.2,146.7,152.1,-29.7,-40.0,0.045,0.33,6.7,0.0,0.0,0.0,20.0,0.409,0.409,0.209,0.21,107.22,106.89,89.08,59,-0.006
22024,1627741,0022401204,"DEC 11, 2024",GSW @ HOU,L,35,6,12,0.5,3,9,0.333,0,0,0.0,0,4,4,0,2,3,1,3,15,9,102.9,97.3,93.8,88.9,9.1,8.4,0.0,0.0,0.0,0.0,0.121,0.057,7.7,0.625,0.625,0.159,0.163,96.3,91.09,75.91,68,0.109
22024,1627741,0022400355,"DEC 08, 2024",GSW vs. MIN,W,35,10,18,0.556,7,13,0.538,0,0,0.0,1,3,4,2,3,0,1,2,27,17,131.4,129.9,107.1,107.9,24.3,22.0,0.077,2.0,9.5,0.032,0.086,0.061,4.8,0.75,0.75,0.238,0.241,97.41,97.16,80.97,70,0.153
22024,1627741,0022400338,"DEC 06, 2024",GSW vs. MIN,L,13,2,4,0.5,0,2,0.0,0,0,0.0,0,3,3,0,0,0,3,0,4,-3,48.5,48.8,63.3,59.6,-14.8,-10.8,0.0,0.0,0.0,0.0,0.158,0.088,42.9,0.5,0.5,0.189,0.201,116.08,113.13,94.28,33,0.118
22024,1627741,0022400332,"DEC 05, 2024",GSW vs. HOU,W,27,1,8,0.125,1,6,0.167,2,2,1.0,0,5,5,2,0,0,1,0,5,18,103.5,105.5,75.9,78.7,27.6,26.8,0.105,2.0,16.7,0.0,0.135,0.078,8.3,0.188,0.282,0.159,0.164,95.36,98.01,81.67,57,0.051
22024,1627741,0022400058,"DEC 03, 2024",GSW @ DEN,L,21,2,8,0.25,2,6,0.333,0,0,0.0,0,3,3,0,1,0,1,3,6,-5,93.9,96.8,104.0,109.8,-10.1,-13.0,0.0,0.0,0.0,0.0,0.158,0.064,11.1,0.375,0.375,0.155,0.168,106.38,111.0,92.5,49,0.0
22024,1627741,0022400303,"NOV 30, 2024",GSW @ PHX,L,16,3,7,0.429,2,4,0.5,3,3,1.0,0,1,1,1,1,0,0,0,11,-15,68.6,71.9,114.7,120.8,-46.1,-49.0,0.25,0.0,11.1,0.0,0.063,0.023,0.0,0.571,0.661,0.19,0.208,95.93,100.78,83.98,35,0.198
22024,1627741,0022400299,"NOV 27, 2024",GSW vs. OKC,L,23,5,8,0.625,5,8,0.625,2,2,1.0,0,3,3,0,1,0,2,6,17,6,106.1,107.2,95.8,98.7,10.3,8.5,0.0,0.0,0.0,0.0,0.12,0.057,18.2,0.938,0.957,0.186,0.195,99.18,101.14,84.28,49,0.118
22024,1627741,0022400284,"NOV 25, 2024",GSW vs. BKN,L,17,3,12,0.25,2,8,0.25,1,1,1.0,1,2,3,1,2,0,0,1,9,-2,120.6,116.1,122.9,127.1,-2.3,-11.0,0.077,0.0,7.7,0.067,0.167,0.111,0.0,0.333,0.362,0.308,0.313,99.22,98.99,82.49,34,0.055
22024,1627741,0022400269,"NOV 23, 2024",GSW @ SAS,L,24,4,9,0.444,3,7,0.429,0,0,0.0,1,0,1,4,0,0,2,2,11,-2,90.0,93.6,94.0,97.5,-4.0,-3.9,0.308,2.0,26.7,0.038,0.0,0.019,13.3,0.611,0.611,0.2,0.211,96.91,100.65,83.88,50,0.077
22024,1627741,0022400032,"NOV 22, 2024",GSW @ NOP,W,19,3,10,0.3,2,7,0.286,4,4,1.0,1,5,6,0,0,0,0,3,12,10,100.0,97.1,80.5,85.7,19.5,11.4,0.0,0.0,0.0,0.045,0.185,0.122,0.0,0.4,0.51,0.245,0.244,102.98,104.47,87.06,43,0.121
22024,1627741,0022400258,"NOV 20, 2024",GSW vs. ATL,W,20,4,11,0.364,3,9,0.333,0,0,0.0,0,2,2,0,0,0,2,1,11,11,89.8,88.3,68.8,68.6,21.0,19.6,0.0,0.0,0.0,0.0,0.063,0.034,15.4,0.5,0.5,0.236,0.246,117.5,116.4,97.0,49,0.046
22024,1627741,0022400251,"NOV 18, 2024",GSW @ LAC,L,23,3,7,0.429,2,6,0.333,0,0,0.0,0,2,2,1,1,0,2,2,8,5,92.0,90.7,80.4,80.0,11.6,10.7,0.067,0.5,10.0,0.0,0.071,0.035,20.0,0.571,0.571,0.155,0.159,104.76,103.74,86.45,50,0.052
22024,1627741,0022400019,"NOV 15, 2024",GSW vs. MEM,W,30,7,15,0.467,4,8,0.5,0,0,0.0,4,0,4,2,0,0,5,4,18,-2,111.4,103.5,112.7,107.9,-1.2,-4.4,0.1,0.4,9.1,0.098,0.0,0.05,22.7,0.6,0.6,0.227,0.232,118.33,111.62,93.02,70,0.04
22024,1627741,0022400007,"NOV 12, 2024",GSW vs. DAL,W,21,6,13,0.462,2,8,0.25,0,0,0.0,0,1,1,0,2,0,0,0,14,-21,93.3,94.6,140.0,140.9,-46.7,-46.3,0.0,0.0,0.0,0.0,0.059,0.021,0.0,0.538,0.538,0.228,0.23,103.58,104.6,87.17,45,0.109
22024,1627741,0022400207,"NOV 10, 2024",GSW @ OKC,W,21,3,8,0.375,2,5,0.4,0,0,0.0,1,4,5,2,0,0,0,4,8,4,120.0,114.1,107.3,105.2,12.7,8.9,0.143,0.0,20.0,0.043,0.16,0.104,0.0,0.5,0.5,0.167,0.166,95.15,91.84,76.54,40,0.073
22024,1627741,0022400188,"NOV 08, 2024",GSW @ CLE,L,19,1,4,0.25,1,4,0.25,0,0,0.0,0,2,2,1,0,0,1,2,3,-3,104.4,105.6,116.3,116.7,-11.8,-11.1,0.059,1.0,16.7,0.0,0.111,0.054,16.7,0.375,0.375,0.098,0.101,108.35,109.15,90.96,45,0.0
22024,1627741,0022400172,"NOV 06, 2024",GSW @ BOS,W,29,6,11,0.545,4,7,0.571,0,0,0.0,1,5,6,1,0,1,0,3,16,20,136.8,137.5,105.5,106.2,31.4,31.3,0.045,0.0,8.3,0.03,0.156,0.092,0.0,0.727,0.727,0.162,0.165,93.62,94.19,78.49,57,0.129
22024,1627741,0022400155,"NOV 04, 2024",GSW @ WAS,W,28,7,14,0.5,3,8,0.375,3,4,0.75,0,5,5,2,2,1,0,2,20,14,123.3,126.5,103.4,100.3,19.9,26.3,0.105,0.0,11.8,0.0,0.147,0.072,0.0,0.607,0.635,0.208,0.216,102.69,102.41,85.34,60,0.157
22024,1627741,0022400144,"NOV 02, 2024",GSW @ HOU,W,32,9,14,0.643,6,10,0.6,3,4,0.75,1,6,7,2,1,1,3,2,27,-7,107.2,110.5,122.7,117.3,-15.5,-6.8,0.154,0.67,10.0,0.032,0.154,0.1,15.0,0.857,0.857,0.231,0.24,101.93,101.18,84.32,69,0.23
22024,1627741,0022400126,"OCT 30, 2024",GSW vs. NOP,W,29,8,19,0.421,4,12,0.333,1,1,1.0,2,0,2,3,1,1,0,1,21,0,111.1,108.5,107.1,107.9,4.0,0.6,0.2,0.0,13.6,0.067,0.0,0.032,0.0,0.526,0.54,0.297,0.296,91.76,91.03,75.86,54,0.154
22024,1627741,0022400116,"OCT 29, 2024",GSW vs. NOP,W,29,9,18,0.5,7,11,0.636,3,3,1.0,0,1,1,1,2,0,0,3,28,9,118.6,113.0,101.7,103.3,17.0,9.7,0.063,0.0,5.0,0.0,0.045,0.017,0.0,0.694,0.725,0.271,0.276,100.83,99.17,82.64,59,0.165
22024,1627741,0022400101,"OCT 27, 2024",GSW vs. LAC,L,28,3,14,0.214,1,9,0.111,1,1,1.0,1,5,6,2,1,1,4,3,8,-7,84.2,85.8,96.5,96.0,-12.3,-10.2,0.133,0.5,10.0,0.028,0.156,0.088,20.0,0.25,0.277,0.257,0.269,97.47,98.12,81.77,57,-0.014
22024,1627741,0022400084,"OCT 25, 2024",GSW @ UTA,W,20,10,14,0.714,7,9,0.778,0,0,0.0,0,4,4,6,1,0,0,0,27,24,133.3,128.0,80.0,74.9,53.3,53.0,0.462,0.0,30.0,0.0,0.133,0.073,0.0,0.964,0.964,0.255,0.255,114.38,108.45,90.38,45,0.384
22024,1627741,0022400072,"OCT 23, 2024",GSW @ POR,W,15,8,12,0.667,5,7,0.714,1,1,1.0,1,4,5,1,0,0,1,2,22,20,145.2,139.8,75.0,72.3,70.2,67.5,0.111,1.0,7.1,0.083,0.211,0.161,7.1,0.875,0.884,0.371,0.369,106.56,102.65,85.54,31,0.328
22024,1630611,0022400366,"DEC 19, 2024",GSW @ MEM,L,8,0,0,0.0,0,0,0.0,0,0,0.0,1,0,1,0,0,1,0,1,0,4,135.3,134.7,111.8,105.6,23.5,29.1,0.0,0.0,0.0,0.143,0.0,0.059,0.0,0.0,0.0,0.0,0.0,104.37,101.16,84.3,17,0.0
22024,1630611,0022400258,"NOV 20, 2024",GSW vs. ATL,W,3,0,2,0.0,0,1,0.0,0,0,0.0,0,1,1,0,0,0,0,0,0,-3,66.7,73.5,140.0,140.0,-73.3,-66.5,0.0,0.0,0.0,0.0,0.5,0.111,0.0,0.0,0.0,0.222,0.237,99.56,104.9,87.42,6,-0.087
22024,1630611,0022400188,"NOV 08, 2024",GSW @ CLE,L,5,1,1,1.0,1,1,1.0,0,0,0.0,1,0,1,0,0,0,0,0,3,1,127.3,107.7,118.2,124.5,9.1,-16.8,0.0,0.0,0.0,0.125,0.0,0.091,0.0,1.5,1.5,0.071,0.071,118.85,111.55,92.96,11,0.123
22024,1630611,0022400126,"OCT 30, 2024",GSW vs. NOP,W,1,0,1,0.0,0,1,0.0,0,0,0.0,0,0,0,0,0,0,0,0,0,0,100.0,200.0,100.0,100.0,0.0,100.0,0.0,0.0,0.0,0.0,0.0,0.0,0.0,0.0,0.0,0.25,0.333,52.68,70.24,58.54,2,-0.5
22024,1630611,0022400116,"OCT 29, 2024",GSW vs. NOP,W,3,0,0,0.0,0,0,0.0,0,0,0.0,0,0,0,1,0,0,1,0,0,0,166.7,166.7,142.9,170.1,23.8,-3.4,0.25,1.0,50.0,0.0,0.0,0.0,50.0,0.0,0.0,0.167,0.167,104.95,114.85,95.71,6,0.0
22024,1630611,0022400084,"OCT 25, 2024",GSW @ UTA,W,6,0,0,0.0,0,0,0.0,0,0,0.0,0,3,3,0,0,0,1,2,0,9,114.3,114.3,46.7,45.7,67.6,68.6,0.0,0.0,0.0,0.0,0.6,0.3,100.0,0.0,0.0,0.067,0.067,118.6,117.3,97.75,14,0.0
22024,1630611,0022400072,"OCT 23, 2024",GSW @ POR,W,5,1,1,1.0,0,0,0.0,1,2,0.5,0,1,1,1,0,0,0,1,3,8,192.3,212.6,141.7,139.3,50.6,73.2,0.125,0.0,33.3,0.0,0.167,0.125,0.0,1.0,0.798,0.143,0.157,112.39,117.26,97.72,13,0.071
22024,203952,0022400366,"DEC 19, 2024",GSW @ MEM,L,21,6,11,0.545,4,5,0.8,3,3,1.0,1,0,1,0,0,0,1,0,19,-33,72.3,69.3,142.6,144.0,-70.2,-74.7,0.0,0.0,0.0,0.033,0.0,0.022,7.7,0.727,0.771,0.232,0.24,111.47,109.6,91.34,47,0.144
22024,203952,0022401228,"DEC 15, 2024",GSW vs. DAL,L,34,11,20,0.55,5,9,0.556,2,3,0.667,1,2,3,4,1,1,1,2,29,-20,123.5,116.7,146.5,145.3,-22.9,-28.6,0.2,4.0,15.4,0.028,0.071,0.047,3.8,0.675,0.68,0.282,0.279,102.75,99.51,82.93,68,0.13
22024,203952,0022400338,"DEC 06, 2024",GSW vs. MIN,L,19,3,8,0.375,1,3,0.333,4,4,1.0,1,1,2,0,1,0,2,0,11,-1,100.0,99.5,105.3,99.5,-5.3,0.0,0.0,0.0,0.0,0.043,0.053,0.048,16.7,0.438,0.564,0.267,0.278,98.23,95.26,79.38,39,0.081
22024,203952,0022400332,"DEC 05, 2024",GSW vs. HOU,W,34,8,15,0.533,3,4,0.75,4,7,0.571,0,9,9,2,2,1,3,2,23,14,108.3,111.0,91.4,90.7,16.9,20.4,0.1,0.67,9.1,0.0,0.214,0.12,13.6,0.633,0.636,0.25,0.259,100.65,101.48,84.57,72,0.173
22024,203952,0022400058,"DEC 03, 2024",GSW @ DEN,L,31,3,7,0.429,2,4,0.5,5,5,1.0,1,2,3,4,3,0,2,3,13,-20,88.9,89.4,115.1,116.9,-26.2,-27.5,0.182,2.0,26.7,0.026,0.077,0.046,13.3,0.571,0.707,0.134,0.138,111.62,112.8,94.0,72,0.095
22024,203952,0022400303,"NOV 30, 2024",GSW @ PHX,L,34,7,17,0.412,4,9,0.444,0,0,0.0,0,3,3,3,1,0,2,2,18,12,118.1,120.5,102.8,104.2,15.2,16.3,0.12,1.5,13.6,0.0,0.094,0.047,9.1,0.529,0.529,0.25,0.262,100.55,102.3,85.25,72,0.068
22024,203952,0022400299,"NOV 27, 2024",GSW vs. OKC,L,35,4,16,0.25,3,8,0.375,5,7,0.714,3,2,5,3,1,1,1,1,16,-4,98.7,93.8,104.0,103.3,-5.3,-9.6,0.143,3.0,13.0,0.055,0.053,0.054,4.3,0.344,0.419,0.211,0.213,105.72,102.71,85.59,75,0.06
22024,203952,0022400284,"NOV 25, 2024",GSW vs. BKN,L,33,7,13,0.538,2,4,0.5,2,3,0.667,2,3,5,1,0,0,1,1,18,-8,122.4,116.1,128.6,127.1,-6.2,-11.0,0.043,1.0,6.3,0.053,0.088,0.069,6.3,0.615,0.628,0.195,0.191,102.99,99.79,83.16,67,0.09
22024,203952,0022400269,"NOV 23, 2024",GSW @ SAS,L,33,6,16,0.375,4,10,0.4,4,5,0.8,2,3,5,3,1,0,0,1,20,1,106.3,102.6,106.3,108.8,-0.1,-6.2,0.158,0.0,14.3,0.044,0.097,0.066,0.0,0.5,0.549,0.228,0.227,92.63,91.99,76.66,64,0.137
22024,203952,0022400032,"NOV 22, 2024",GSW @ NOP,W,28,9,14,0.643,3,5,0.6,9,9,1.0,1,2,3,4,1,1,2,4,30,3,121.3,117.2,114.5,120.7,6.8,-3.4,0.286,2.0,16.7,0.033,0.069,0.051,8.3,0.75,0.835,0.286,0.285,103.31,104.19,86.82,61,0.201
22024,203952,0022400258,"NOV 20, 2024",GSW vs. ATL,W,30,12,17,0.706,3,6,0.5,0,0,0.0,2,5,7,4,0,2,0,1,27,27,120.8,119.2,83.3,85.3,37.5,34.0,0.174,0.0,19.0,0.071,0.102,0.091,0.0,0.794,0.794,0.221,0.221,114.59,115.14,95.95,72,0.229
22024,203952,0022400251,"NOV 18, 2024",GSW @ LAC,L,29,7,12,0.583,2,4,0.5,6,8,0.75,2,1,3,0,0,1,1,0,22,-5,100.0,99.3,106.7,107.5,-6.7,-8.2,0.0,0.0,0.0,0.065,0.037,0.052,5.9,0.667,0.709,0.258,0.264,98.7,98.77,82.31,59,0.13
22024,203952,0022400019,"NOV 15, 2024",GSW vs. MEM,W,21,5,14,0.357,1,4,0.25,2,2,1.0,1,1,2,1,1,1,0,2,13,4,108.9,105.1,100.0,97.9,8.9,7.1,0.077,0.0,6.3,0.038,0.037,0.038,0.0,0.393,0.437,0.268,0.275,106.95,103.95,86.62,45,0.069
22024,203952,0022400007,"NOV 12, 2024",GSW vs. DAL,W,34,3,8,0.375,0,3,0.0,2,4,0.5,1,2,3,4,2,1,1,4,8,16,122.7,128.7,101.3,101.3,21.3,27.4,0.125,4.0,26.7,0.029,0.057,0.043,6.7,0.375,0.41,0.128,0.133,104.3,106.78,88.98,75,0.032
22024,203952,0022400207,"NOV 10, 2024",GSW @ OKC,W,35,6,14,0.429,2,4,0.5,4,6,0.667,5,3,8,5,3,1,0,3,18,21,140.8,137.5,113.2,113.0,27.6,24.6,0.156,0.0,22.7,0.156,0.079,0.114,0.0,0.5,0.541,0.189,0.194,105.0,103.69,86.4,76,0.109
22024,203952,0022400188,"NOV 08, 2024",GSW @ CLE,L,21,4,9,0.444,1,3,0.333,2,2,1.0,1,0,1,2,1,0,1,0,11,-23,95.7,95.6,147.8,145.2,-52.1,-49.6,0.143,2.0,15.4,0.045,0.0,0.026,7.7,0.5,0.557,0.216,0.215,108.28,107.22,89.35,47,0.072
22024,203952,0022400172,"NOV 06, 2024",GSW @ BOS,W,31,6,14,0.429,0,3,0.0,4,6,0.667,0,2,2,0,0,0,2,1,16,8,123.4,121.1,110.9,106.7,12.5,14.4,0.0,0.0,0.0,0.0,0.061,0.032,11.1,0.429,0.481,0.243,0.239,101.3,98.41,82.01,64,0.036
22024,203952,0022400155,"NOV 04, 2024",GSW @ WAS,W,18,1,9,0.111,0,6,0.0,3,4,0.75,1,3,4,2,0,2,0,3,5,5,102.6,100.1,89.7,88.6,12.8,11.5,0.154,0.0,15.4,0.048,0.12,0.087,0.0,0.111,0.232,0.256,0.256,106.07,104.1,86.75,39,-0.007
22024,203952,0022400144,"NOV 02, 2024",GSW @ HOU,W,31,3,9,0.333,2,4,0.5,7,10,0.7,1,2,3,2,1,0,2,0,15,-3,108.2,115.1,109.5,109.7,-1.3,5.5,0.111,1.0,11.1,0.04,0.05,0.046,11.1,0.444,0.56,0.25,0.265,92.1,94.98,79.15,61,0.089
22024,203952,0022400101,"OCT 27, 2024",GSW vs. LAC,L,29,11,15,0.733,5,8,0.625,2,3,0.667,0,3,3,0,1,1,1,2,29,-3,104.5,104.9,109.0,109.1,-4.5,-4.2,0.0,0.0,0.0,0.0,0.097,0.047,6.3,0.9,0.888,0.203,0.209,110.11,110.4,92.0,67,0.219
22024,203952,0022400084,"OCT 25, 2024",GSW @ UTA,W,23,3,10,0.3,2,4,0.5,2,2,1.0,5,8,13,5,0,2,1,4,10,17,121.2,123.8,90.2,83.9,31.0,39.9,0.227,5.0,29.4,0.2,0.205,0.203,5.9,0.4,0.46,0.194,0.204,108.59,105.79,88.16,52,0.154
22024,203952,0022400072,"OCT 23, 2024",GSW @ POR,W,23,8,15,0.533,4,7,0.571,0,0,0.0,2,2,4,2,0,0,1,2,20,9,111.3,108.3,94.3,95.6,17.0,12.7,0.182,2.0,11.1,0.077,0.074,0.075,5.6,0.667,0.667,0.25,0.26,111.08,110.29,91.91,53,0.153
22024,203110,0022400366,"DEC 19, 2024",GSW @ MEM,L,19,0,4,0.0,0,1,0.0,0,0,0.0,0,0,0,0,1,0,4,4,0,-42,61.9,62.8,158.1,163.3,-96.2,-100.5,0.0,0.0,0.0,0.0,0.0,0.0,50.0,0.0,0.0,0.163,0.169,104.55,107.02,89.18,42,-0.129
22024,203110,0022401228,"DEC 15, 2024",GSW vs. DAL,L,29,6,14,0.429,5,9,0.556,4,4,1.0,3,4,7,4,0,0,4,1,21,4,127.9,127.7,119.4,118.4,8.5,9.3,0.182,1.0,16.7,0.083,0.125,0.103,16.7,0.607,0.666,0.27,0.274,100.79,100.33,83.61,61,0.116
22024,203110,0022401204,"DEC 11, 2024",GSW @ HOU,L,30,4,9,0.444,0,2,0.0,0,0,0.0,0,3,3,4,2,1,5,4,8,-2,96.7,89.7,103.4,97.5,-6.8,-7.8,0.182,0.8,22.2,0.0,0.111,0.053,27.8,0.444,0.444,0.187,0.188,101.1,94.56,78.8,60,0.034
22024,203110,0022400355,"DEC 08, 2024",GSW vs. MIN,W,31,3,5,0.6,0,1,0.0,0,0,0.0,0,6,6,7,0,1,3,5,6,-2,114.5,114.8,115.9,115.1,-1.4,-0.3,0.292,2.33,46.7,0.0,0.182,0.095,20.0,0.6,0.6,0.114,0.116,98.39,98.2,81.83,62,0.07
22024,203110,0022400338,"DEC 06, 2024",GSW vs. MIN,L,26,4,8,0.5,1,4,0.25,1,1,1.0,1,8,9,6,2,1,2,3,10,-15,74.1,72.7,100.0,93.4,-25.9,-20.7,0.667,3.0,37.5,0.029,0.276,0.141,12.5,0.563,0.592,0.147,0.151,109.87,105.12,87.6,58,0.202
22024,203110,0022400303,"NOV 30, 2024",GSW @ PHX,L,31,5,8,0.625,2,5,0.4,1,1,1.0,0,2,2,7,2,1,4,3,13,6,115.4,117.9,107.8,112.6,7.6,5.3,0.28,1.75,36.8,0.0,0.074,0.036,21.1,0.75,0.77,0.171,0.177,98.03,101.23,84.36,65,0.089
22024,203110,0022400299,"NOV 27, 2024",GSW vs. OKC,L,32,4,11,0.364,2,8,0.25,0,0,0.0,3,11,14,6,1,2,3,1,10,5,102.8,100.7,98.6,97.1,4.2,3.6,0.286,2.0,30.0,0.068,0.306,0.175,15.0,0.455,0.455,0.163,0.168,107.72,105.84,88.2,72,0.154
22024,203110,0022400284,"NOV 25, 2024",GSW vs. BKN,L,29,2,6,0.333,1,3,0.333,1,4,0.25,0,6,6,7,0,0,2,3,6,1,138.7,136.9,134.9,135.9,3.8,1.0,0.233,3.5,41.2,0.0,0.222,0.109,11.8,0.417,0.387,0.145,0.145,104.08,103.75,86.46,62,0.041
22024,203110,0022400269,"NOV 23, 2024",GSW @ SAS,L,27,0,5,0.0,0,3,0.0,1,2,0.5,2,5,7,8,0,1,0,6,1,0,114.3,113.4,114.3,113.4,0.0,0.0,0.4,0.0,57.1,0.054,0.185,0.109,0.0,0.0,0.085,0.097,0.098,88.86,88.14,73.45,49,0.034
22024,203110,0022400032,"NOV 22, 2024",GSW @ NOP,W,30,3,6,0.5,3,4,0.75,2,6,0.333,3,5,8,5,1,0,4,2,11,7,130.2,125.1,117.2,119.4,13.0,5.7,0.217,1.25,27.8,0.097,0.161,0.129,22.2,0.75,0.637,0.176,0.174,103.41,102.28,85.23,63,0.071
22024,203110,0022400258,"NOV 20, 2024",GSW vs. ATL,W,28,4,8,0.5,0,4,0.0,1,2,0.5,0,7,7,9,1,2,3,3,9,29,130.9,129.1,88.2,92.1,42.6,37.0,0.281,3.0,45.0,0.0,0.159,0.104,15.0,0.5,0.507,0.155,0.155,116.49,118.12,98.43,68,0.101
22024,203110,0022400251,"NOV 18, 2024",GSW @ LAC,L,32,3,7,0.429,2,3,0.667,1,2,0.5,1,8,9,7,1,1,6,3,9,-3,98.5,98.0,104.5,103.7,-5.9,-5.7,0.333,1.17,33.3,0.028,0.267,0.136,28.6,0.571,0.571,0.184,0.188,101.03,100.35,83.62,68,0.088
22024,203110,0022400019,"NOV 15, 2024",GSW vs. MEM,W,30,5,11,0.455,3,7,0.429,0,0,0.0,0,8,8,7,1,1,1,3,13,6,114.7,111.7,109.1,105.1,5.6,6.5,0.304,7.0,36.8,0.0,0.2,0.113,5.3,0.591,0.591,0.152,0.156,109.74,106.31,88.6,68,0.149
22024,203110,0022400007,"NOV 12, 2024",GSW vs. DAL,W,32,3,6,0.5,2,4,0.5,3,4,0.75,0,7,7,6,3,2,0,2,11,20,118.6,124.8,91.3,89.4,27.3,35.5,0.214,0.0,42.9,0.0,0.2,0.109,0.0,0.667,0.709,0.105,0.11,103.69,105.24,87.7,70,0.169
22024,203110,0022400207,"NOV 10, 2024",GSW @ OKC,W,31,3,5,0.6,2,3,0.667,0,0,0.0,0,4,4,11,0,0,3,4,8,8,133.8,134.2,125.8,123.2,8.1,11.0,0.379,3.67,57.9,0.0,0.125,0.067,15.8,0.8,0.8,0.099,0.104,105.15,104.25,86.87,68,0.088
22024,203110,0022400188,"NOV 08, 2024",GSW @ CLE,L,21,2,7,0.286,2,5,0.4,0,0,0.0,0,2,2,6,3,0,2,4,6,-23,106.8,104.5,155.6,152.7,-48.7,-48.2,0.375,3.0,40.0,0.0,0.133,0.054,13.3,0.429,0.429,0.188,0.184,106.13,104.03,86.69,44,0.05
22024,203110,0022400172,"NOV 06, 2024",GSW @ BOS,W,30,2,8,0.25,0,4,0.0,5,6,0.833,2,4,6,4,0,0,2,1,9,3,121.3,119.7,114.5,110.5,6.8,9.3,0.167,2.0,23.5,0.065,0.114,0.091,11.8,0.25,0.423,0.181,0.179,99.81,97.37,81.14,61,0.063
22024,203110,0022400155,"NOV 04, 2024",GSW @ WAS,W,29,5,7,0.714,3,4,0.75,5,7,0.714,1,7,8,5,0,1,2,2,18,11,119.0,119.7,101.6,98.9,17.5,20.8,0.25,2.5,29.4,0.031,0.175,0.111,11.8,0.929,0.893,0.169,0.172,105.86,104.7,87.25,63,0.176
22024,203110,0022400144,"NOV 02, 2024",GSW @ HOU,W,35,4,8,0.5,1,3,0.333,5,9,0.556,4,7,11,3,0,0,1,6,14,-5,120.0,123.2,125.4,122.5,-5.4,0.7,0.13,3.0,18.8,0.125,0.184,0.157,6.3,0.563,0.585,0.171,0.175,95.3,95.38,79.49,70,0.075
22024,203110,0022400126,"OCT 30, 2024",GSW vs. NOP,W,30,5,11,0.455,3,5,0.6,1,1,1.0,1,3,4,6,1,5,3,5,14,13,111.3,114.0,90.3,90.3,21.0,23.7,0.286,2.0,30.0,0.034,0.081,0.061,15.0,0.591,0.612,0.203,0.207,97.67,98.82,82.35,62,0.119
22024,203110,0022400116,"OCT 29, 2024",GSW vs. NOP,W,29,1,4,0.25,1,3,0.333,0,0,0.0,1,2,3,7,1,2,0,4,3,15,133.9,129.6,112.3,106.8,21.6,22.8,0.259,0.0,63.6,0.032,0.1,0.059,0.0,0.375,0.375,0.056,0.06,101.79,97.68,81.4,59,0.058
22024,203110,0022400101,"OCT 27, 2024",GSW vs. LAC,L,27,0,2,0.0,0,1,0.0,2,2,1.0,0,5,5,2,0,0,2,4,2,2,110.2,110.5,108.6,108.7,1.5,1.8,0.087,1.0,28.6,0.0,0.156,0.093,28.6,0.0,0.347,0.079,0.081,104.53,104.71,87.26,59,0.009
22024,203110,0022400084,"OCT 25, 2024",GSW @ UTA,W,20,1,4,0.25,1,2,0.5,0,0,0.0,0,2,2,4,3,0,2,3,3,12,131.7,131.7,105.0,94.3,26.7,37.4,0.19,2.0,40.0,0.0,0.063,0.038,20.0,0.375,0.375,0.12,0.125,103.45,97.98,81.65,41,0.046
22024,203110,0022400072,"OCT 23, 2024",GSW @ POR,W,20,3,3,1.0,1,1,1.0,1,2,0.5,0,6,6,3,1,2,3,3,8,12,128.9,125.3,102.2,102.0,26.7,23.3,0.176,1.0,30.0,0.0,0.222,0.125,30.0,1.167,1.031,0.127,0.131,107.31,105.71,88.09,45,0.113
22024,201939,0022400366,"DEC 19, 2024",GSW @ MEM,L,24,0,7,0.0,0,6,0.0,2,2,1.0,0,3,3,1,1,1,2,0,2,-41,72.2,72.0,145.5,147.1,-73.2,-75.0,0.091,0.5,9.1,0.0,0.143,0.054,18.2,0.0,0.127,0.161,0.166,106.93,107.36,89.47,54,-0.014
22024,201939,0022401228,"DEC 15, 2024",GSW vs. DAL,L,35,9,19,0.474,7,13,0.538,1,1,1.0,0,5,5,10,1,0,2,1,26,-10,138.7,135.1,148.1,148.4,-9.4,-13.3,0.333,5.0,32.3,0.0,0.208,0.077,6.5,0.658,0.669,0.233,0.236,104.18,102.98,85.82,75,0.126
22024,201939,0022401204,"DEC 11, 2024",GSW @ HOU,L,34,8,17,0.471,3,9,0.333,0,1,0.0,1,2,3,5,2,1,1,0,19,4,98.5,92.3,96.9,91.8,1.6,0.5,0.25,5.0,21.7,0.029,0.061,0.045,4.3,0.559,0.545,0.22,0.221,99.15,93.42,77.85,67,0.159
22024,201939,0022400355,"DEC 08, 2024",GSW vs. MIN,W,35,8,18,0.444,5,11,0.455,9,11,0.818,0,4,4,8,1,0,3,0,30,14,118.1,118.7,100.0,101.5,18.1,17.2,0.348,2.67,24.2,0.0,0.105,0.055,9.1,0.583,0.657,0.298,0.31,98.17,99.2,82.66,72,0.215
22024,201939,0022400338,"DEC 06, 2024",GSW vs. MIN,L,32,6,17,0.353,3,9,0.333,8,8,1.0,1,1,2,4,0,0,3,0,23,-3,110.3,113.4,118.2,111.0,-7.9,2.4,0.2,1.33,14.8,0.033,0.033,0.033,11.1,0.441,0.56,0.303,0.319,101.93,100.1,83.42,68,0.094
22024,201939,0022400058,"DEC 03, 2024",GSW @ DEN,L,34,8,23,0.348,4,15,0.267,4,4,1.0,1,6,7,11,0,0,5,0,24,5,116.9,115.0,111.8,117.7,5.0,-2.7,0.393,2.2,26.8,0.029,0.207,0.109,12.2,0.435,0.485,0.337,0.352,105.32,107.06,89.21,77,0.118
22024,201939,0022400303,"NOV 30, 2024",GSW @ PHX,L,32,8,21,0.381,3,10,0.3,4,5,0.8,1,6,7,4,0,0,0,1,23,4,116.4,117.3,112.1,115.3,4.3,1.9,0.174,0.0,14.8,0.033,0.222,0.123,0.0,0.452,0.496,0.319,0.326,96.8,98.52,82.1,67,0.11
22024,201939,0022400284,"NOV 25, 2024",GSW vs. BKN,L,29,8,17,0.471,8,16,0.5,4,4,1.0,0,4,4,7,1,0,3,0,28,-4,136.5,134.7,140.6,139.4,-4.1,-4.7,0.292,2.33,25.0,0.0,0.148,0.073,10.7,0.706,0.746,0.3,0.301,104.58,103.44,86.2,63,0.16
22024,201939,0022400269,"NOV 23, 2024",GSW @ SAS,L,32,5,16,0.313,3,10,0.3,1,1,1.0,2,5,7,5,0,0,3,1,14,4,116.7,113.2,110.0,109.7,6.7,3.5,0.238,1.67,20.8,0.043,0.152,0.089,12.5,0.406,0.426,0.247,0.247,91.53,90.03,75.02,60,0.079
22024,201939,0022400032,"NOV 22, 2024",GSW @ NOP,W,33,6,13,0.462,4,7,0.571,3,3,1.0,0,7,7,7,1,1,4,3,19,4,124.6,120.2,115.5,117.8,9.1,2.4,0.318,1.75,28.0,0.0,0.189,0.096,16.0,0.615,0.663,0.22,0.218,102.2,101.36,84.47,69,0.137
22024,201939,0022400258,"NOV 20, 2024",GSW vs. ATL,W,30,7,10,0.7,4,6,0.667,5,5,1.0,0,4,4,8,2,1,5,0,23,27,121.3,120.0,86.5,88.7,34.8,31.3,0.267,1.6,32.0,0.0,0.08,0.051,20.0,0.9,0.943,0.215,0.216,117.62,118.41,98.68,75,0.183
22024,201939,0022400251,"NOV 18, 2024",GSW @ LAC,L,32,10,21,0.476,6,15,0.4,0,0,0.0,1,6,7,6,0,1,3,1,26,-5,97.1,98.0,105.9,105.1,-8.8,-7.1,0.429,2.0,20.0,0.028,0.2,0.106,10.0,0.619,0.619,0.312,0.323,101.47,101.53,84.61,69,0.173
22024,201939,0022400019,"NOV 15, 2024",GSW vs. MEM,W,26,4,9,0.444,3,7,0.429,2,2,1.0,1,7,8,5,4,0,3,2,13,9,115.5,111.1,98.3,95.5,17.2,15.6,0.238,1.67,27.8,0.033,0.206,0.125,16.7,0.611,0.658,0.186,0.188,111.64,107.94,89.95,58,0.183
22024,201939,0022400007,"NOV 12, 2024",GSW vs. DAL,W,35,14,27,0.519,5,12,0.417,4,5,0.8,0,6,6,9,1,2,4,2,37,24,123.4,126.3,92.2,93.7,31.2,32.6,0.409,2.25,21.4,0.0,0.146,0.075,9.5,0.611,0.634,0.371,0.378,103.97,106.0,88.34,77,0.231
22024,201939,0022400207,"NOV 10, 2024",GSW @ OKC,W,37,13,23,0.565,7,13,0.538,3,4,0.75,1,4,5,7,1,1,3,2,36,21,139.7,136.6,110.0,111.1,29.7,25.5,0.269,2.33,20.6,0.029,0.098,0.067,8.8,0.717,0.727,0.29,0.297,104.57,103.89,86.58,78,0.184
22024,201939,0022400188,"NOV 08, 2024",GSW @ CLE,L,24,5,10,0.5,1,4,0.25,1,1,1.0,0,1,1,2,2,0,6,0,12,-25,101.9,100.1,147.2,148.0,-45.2,-47.9,0.125,0.33,11.1,0.0,0.056,0.024,33.3,0.55,0.575,0.286,0.281,106.72,106.03,88.36,52,0.044
22024,201939,0022400172,"NOV 06, 2024",GSW @ BOS,W,34,8,17,0.471,4,9,0.444,7,7,1.0,0,7,7,9,4,1,3,2,27,7,121.7,118.8,111.6,107.8,10.1,11.0,0.409,3.0,29.0,0.0,0.184,0.093,9.7,0.588,0.672,0.265,0.263,99.17,96.32,80.27,69,0.239
22024,201939,0022400155,"NOV 04, 2024",GSW @ WAS,W,24,7,15,0.467,4,9,0.444,6,6,1.0,1,2,3,6,0,0,2,1,24,9,123.6,126.4,109.3,107.0,14.4,19.4,0.353,3.0,24.0,0.038,0.071,0.056,8.0,0.6,0.68,0.311,0.318,108.58,108.62,90.52,55,0.169
22024,201939,0022400101,"OCT 27, 2024",GSW vs. LAC,L,27,6,11,0.545,4,7,0.571,2,2,1.0,0,4,4,6,2,1,6,1,18,2,111.7,112.2,112.1,112.1,-0.4,0.0,0.333,1.0,25.0,0.0,0.138,0.082,25.0,0.727,0.758,0.281,0.287,105.78,106.07,88.39,60,0.15
22024,201939,0022400084,"OCT 25, 2024",GSW @ UTA,W,27,7,20,0.35,4,13,0.308,2,2,1.0,0,3,3,4,2,0,3,3,20,22,132.2,126.1,93.3,86.5,38.9,39.5,0.167,1.33,14.3,0.0,0.071,0.041,10.7,0.45,0.479,0.333,0.334,110.82,104.17,86.81,59,0.08
22024,201939,0022400072,"OCT 23, 2024",GSW @ POR,W,25,4,10,0.4,3,7,0.429,6,6,1.0,0,9,9,10,2,0,2,0,17,23,132.8,127.3,93.1,93.0,39.7,34.3,0.455,5.0,40.0,0.0,0.29,0.167,8.0,0.55,0.672,0.217,0.222,113.49,111.04,92.53,58,0.234
22024,1631218,0022400366,"DEC 19, 2024",GSW @ MEM,L,20,2,3,0.667,0,0,0.0,3,3,1.0,1,6,7,2,1,1,1,1,7,-4,104.5,101.6,119.0,116.9,-14.5,-15.3,0.143,2.0,28.6,0.048,0.25,0.156,14.3,0.667,0.81,0.106,0.104,106.63,104.15,86.8,44,0.151
22024,1631218,0022401228,"DEC 15, 2024",GSW vs. DAL,L,14,2,2,1.0,0,0,0.0,1,3,0.333,3,3,6,3,0,0,0,3,5,2,121.9,129.1,119.4,121.2,2.5,7.9,0.273,0.0,50.0,0.143,0.176,0.158,0.0,1.0,0.753,0.079,0.083,101.66,105.48,87.9,32,0.095
22024,1631218,0022401204,"DEC 11, 2024",GSW @ HOU,L,15,1,1,1.0,0,0,0.0,2,2,1.0,0,1,1,1,0,2,0,0,4,3,100.0,107.3,93.3,92.0,6.7,15.4,0.1,0.0,33.3,0.0,0.083,0.034,0.0,1.0,1.064,0.057,0.063,94.18,96.85,80.71,31,0.115
22024,1631218,0022400338,"DEC 06, 2024",GSW vs. MIN,L,11,1,4,0.25,0,0,0.0,1,2,0.5,3,1,4,1,0,0,1,1,3,-5,62.5,59.2,80.0,80.4,-17.5,-21.1,0.2,1.0,14.3,0.176,0.077,0.133,14.3,0.25,0.307,0.214,0.212,105.99,103.46,86.22,24,0.017
22024,1631218,0022400332,"DEC 05, 2024",GSW vs. HOU,W,21,3,4,0.75,0,0,0.0,0,0,0.0,0,0,0,2,0,1,0,1,6,-17,90.7,92.9,136.6,136.7,-45.9,-43.8,0.167,0.0,33.3,0.0,0.0,0.0,0.0,0.75,0.75,0.083,0.087,95.52,96.77,80.64,43,0.073
22024,1631218,0022400058,"DEC 03, 2024",GSW @ DEN,L,22,3,5,0.6,0,0,0.0,1,2,0.5,4,2,6,2,1,0,1,0,7,5,110.6,110.5,100.0,101.8,10.6,8.6,0.118,2.0,22.2,0.16,0.095,0.13,11.1,0.6,0.595,0.125,0.132,103.41,104.25,86.88,47,0.104
22024,1631218,0022400303,"NOV 30, 2024",GSW @ PHX,L,15,1,5,0.2,0,0,0.0,0,0,0.0,4,2,6,2,0,3,1,1,2,-3,103.4,105.6,117.9,118.4,-14.4,-12.7,0.286,2.0,25.0,0.235,0.118,0.176,12.5,0.2,0.2,0.176,0.18,90.35,91.51,76.25,29,0.061
22024,1631218,0022400299,"NOV 27, 2024",GSW vs. OKC,L,4,1,2,0.5,0,0,0.0,0,0,0.0,0,0,0,0,0,0,0,0,2,-8,100.0,87.5,214.3,214.3,-114.3,-126.8,0.0,0.0,0.0,0.0,0.0,0.0,0.0,0.5,0.5,0.2,0.222,91.53,85.42,71.19,7,0.042
22024,1631218,0022400284,"NOV 25, 2024",GSW vs. BKN,L,17,4,7,0.571,0,0,0.0,0,0,0.0,1,2,3,1,0,1,2,2,8,-1,125.0,124.3,123.7,123.8,1.3,0.5,0.071,0.5,10.0,0.071,0.1,0.088,20.0,0.571,0.571,0.225,0.23,104.16,103.93,86.61,36,0.056
22024,1631218,0022400269,"NOV 23, 2024",GSW @ SAS,L,23,6,12,0.5,0,0,0.0,0,0,0.0,4,4,8,3,0,0,0,2,12,-7,104.4,107.1,125.6,122.0,-21.1,-14.8,0.231,0.0,20.0,0.129,0.182,0.151,0.0,0.5,0.5,0.214,0.223,90.74,90.58,75.48,45,0.123
22024,1631218,0022400032,"NOV 22, 2024",GSW @ NOP,W,18,4,9,0.444,0,1,0.0,1,2,0.5,3,5,8,0,0,1,0,0,9,2,117.1,118.5,121.1,117.7,-4.0,0.8,0.0,0.0,0.0,0.15,0.278,0.211,0.0,0.444,0.455,0.208,0.22,104.49,103.7,86.42,41,0.11
22024,1631218,0022400258,"NOV 20, 2024",GSW vs. ATL,W,22,6,11,0.545,0,0,0.0,2,2,1.0,2,9,11,4,0,1,2,2,14,10,114.0,112.6,94.0,94.3,20.0,18.3,0.235,2.0,22.2,0.095,0.25,0.193,11.1,0.545,0.589,0.259,0.266,109.95,109.42,91.19,50,0.188
22024,1631218,0022400251,"NOV 18, 2024",GSW @ LAC,L,20,4,5,0.8,0,0,0.0,0,2,0.0,1,2,3,2,1,1,2,1,8,-11,81.4,84.3,107.0,102.8,-25.6,-18.5,0.25,1.0,20.0,0.045,0.105,0.073,20.0,0.8,0.68,0.17,0.18,105.23,104.89,87.41,43,0.099
22024,1631218,0022400019,"NOV 15, 2024",GSW vs. MEM,W,18,3,5,0.6,0,0,0.0,3,4,0.75,2,4,6,2,1,1,2,2,9,-1,121.4,126.6,118.2,123.5,3.2,3.2,0.154,1.0,18.2,0.133,0.182,0.162,18.2,0.6,0.666,0.191,0.203,111.73,116.61,97.18,42,0.124
22024,1631218,0022400007,"NOV 12, 2024",GSW vs. DAL,W,14,3,5,0.6,0,0,0.0,2,6,0.333,5,4,9,2,2,0,2,1,8,4,111.8,120.6,100.0,103.8,11.8,16.8,0.167,1.0,16.7,0.313,0.286,0.3,16.7,0.6,0.524,0.256,0.274,108.64,114.93,95.77,34,0.125
22024,1631218,0022400207,"NOV 10, 2024",GSW @ OKC,W,5,1,2,0.5,0,0,0.0,0,0,0.0,0,2,2,0,0,0,0,0,2,-6,90.9,83.3,133.3,124.2,-42.4,-40.9,0.0,0.0,0.0,0.0,0.333,0.154,0.0,0.5,0.5,0.154,0.154,126.6,117.03,97.53,11,0.103
22024,1631218,0022400188,"NOV 08, 2024",GSW @ CLE,L,16,1,3,0.333,0,0,0.0,1,1,1.0,2,3,5,4,0,1,1,3,3,-5,120.0,112.5,134.3,138.4,-14.3,-25.9,0.25,4.0,50.0,0.111,0.273,0.172,12.5,0.333,0.436,0.1,0.097,105.71,103.81,86.51,35,0.062
22024,1631218,0022400172,"NOV 06, 2024",GSW @ BOS,W,16,4,6,0.667,0,0,0.0,0,0,0.0,1,1,2,1,0,0,1,1,8,-9,94.1,98.6,124.2,126.9,-30.1,-28.2,0.111,1.0,12.5,0.053,0.05,0.051,12.5,0.667,0.667,0.189,0.198,96.04,99.36,82.8,34,0.087
22024,1631218,0022400155,"NOV 04, 2024",GSW @ WAS,W,23,6,11,0.545,0,0,0.0,0,0,0.0,1,5,6,3,0,1,0,1,12,11,118.0,117.3,98.0,89.9,20.0,27.5,0.2,0.0,21.4,0.038,0.147,0.1,0.0,0.545,0.545,0.2,0.203,106.49,101.68,84.74,50,0.142
22024,1631218,0022400144,"NOV 02, 2024",GSW @ HOU,W,13,3,3,1.0,0,0,0.0,0,0,0.0,0,3,3,3,0,0,0,3,6,7,134.8,138.4,104.3,97.4,30.4,41.0,0.375,0.0,50.0,0.0,0.2,0.125,0.0,1.0,1.0,0.13,0.134,89.6,87.62,73.02,23,0.205
22024,1631218,0022400126,"OCT 30, 2024",GSW vs. NOP,W,20,7,9,0.778,0,0,0.0,1,2,0.5,1,8,9,2,0,1,0,1,15,11,109.5,110.5,83.3,83.8,26.2,26.7,0.167,0.0,16.7,0.05,0.32,0.2,0.0,0.778,0.759,0.217,0.219,99.09,99.8,83.17,42,0.31
22024,1631218,0022400116,"OCT 29, 2024",GSW vs. NOP,W,17,1,1,1.0,0,0,0.0,1,2,0.5,0,2,2,5,0,1,1,0,3,6,150.0,151.1,128.6,129.9,21.4,21.2,0.278,5.0,62.5,0.0,0.133,0.074,12.5,1.0,0.798,0.083,0.086,97.04,97.89,81.58,34,0.081
22024,1631218,0022400101,"OCT 27, 2024",GSW vs. LAC,L,16,2,6,0.333,0,0,0.0,0,0,0.0,0,1,1,1,0,1,1,0,4,1,115.8,109.8,116.2,111.6,-0.4,-1.8,0.071,1.0,12.5,0.0,0.053,0.03,12.5,0.333,0.333,0.167,0.162,118.27,112.85,94.04,38,0.02
22024,1631218,0022400084,"OCT 25, 2024",GSW @ UTA,W,17,6,6,1.0,0,0,0.0,0,0,0.0,3,6,9,2,0,0,1,3,12,12,122.2,122.2,88.9,90.6,33.3,31.6,0.154,2.0,22.2,0.158,0.316,0.237,11.1,1.0,1.0,0.163,0.163,101.28,102.25,85.21,36,0.245
22024,1631218,0022400072,"OCT 23, 2024",GSW @ POR,W,25,5,5,1.0,0,0,0.0,4,5,0.8,1,3,4,2,1,0,0,1,14,6,116.1,114.8,105.4,107.0,10.7,7.9,0.118,0.0,22.2,0.042,0.12,0.082,0.0,1.0,0.972,0.109,0.112,108.96,109.19,91.0,56,0.154
22024,1630322,0022400366,"DEC 19, 2024",GSW @ MEM,L,17,1,6,0.167,1,4,0.25,0,0,0.0,0,2,2,1,1,0,0,1,3,-16,97.4,98.3,139.5,135.2,-42.1,-36.9,0.077,0.0,14.3,0.0,0.111,0.054,0.0,0.25,0.25,0.15,0.151,106.86,105.69,88.07,38,0.01
22024,1630322,0022401228,"DEC 15, 2024",GSW vs. DAL,L,21,4,9,0.444,4,7,0.571,0,0,0.0,2,3,5,2,4,0,0,3,12,13,144.4,146.7,110.6,115.1,33.8,31.5,0.1,0.0,18.2,0.08,0.143,0.109,0.0,0.667,0.667,0.164,0.166,100.12,102.94,85.78,45,0.119
22024,1630322,0022401204,"DEC 11, 2024",GSW @ HOU,L,23,3,6,0.5,2,4,0.5,0,0,0.0,0,5,5,2,1,0,3,0,8,-3,89.1,86.6,97.8,96.2,-8.6,-9.5,0.154,0.67,18.2,0.0,0.238,0.111,27.3,0.667,0.667,0.17,0.179,97.27,95.09,79.25,46,0.127
22024,1630322,0022400355,"DEC 08, 2024",GSW vs. MIN,W,22,0,5,0.0,0,3,0.0,0,0,0.0,1,3,4,3,0,0,0,4,0,1,107.0,102.6,102.3,104.3,4.7,-1.7,0.2,0.0,37.5,0.032,0.167,0.082,0.0,0.0,0.0,0.089,0.091,95.07,93.99,78.33,43,-0.037
22024,1630322,0022400338,"DEC 06, 2024",GSW vs. MIN,L,20,2,7,0.286,2,7,0.286,0,0,0.0,0,0,0,0,0,0,1,1,6,-3,95.5,97.8,107.1,105.2,-11.7,-7.5,0.0,0.0,0.0,0.0,0.0,0.0,12.5,0.429,0.429,0.17,0.174,104.33,104.67,87.23,44,-0.012
22024,1630322,0022400303,"NOV 30, 2024",GSW @ PHX,L,13,1,3,0.333,1,3,0.333,0,0,0.0,0,3,3,1,0,0,0,1,3,-8,93.3,97.0,120.0,121.5,-26.7,-24.5,0.111,0.0,25.0,0.0,0.273,0.111,0.0,0.5,0.5,0.097,0.1,105.13,107.78,89.82,30,0.056
22024,1630322,0022400299,"NOV 27, 2024",GSW vs. OKC,L,24,1,7,0.143,1,7,0.143,1,2,0.5,1,4,5,1,1,1,0,3,4,-9,88.7,85.9,109.8,107.8,-21.1,-21.9,0.071,0.0,11.1,0.026,0.154,0.077,0.0,0.214,0.254,0.119,0.124,105.19,102.55,85.46,53,0.011
22024,1630322,0022400284,"NOV 25, 2024",GSW vs. BKN,L,28,5,10,0.5,2,5,0.4,1,1,1.0,0,4,4,1,1,1,2,4,13,-5,119.3,112.4,123.7,123.6,-4.4,-11.3,0.048,0.5,7.7,0.0,0.138,0.066,15.4,0.6,0.623,0.182,0.178,103.59,100.51,83.75,57,0.065
22024,1630322,0022400269,"NOV 23, 2024",GSW @ SAS,L,25,4,12,0.333,3,8,0.375,0,0,0.0,2,2,4,1,0,1,0,3,11,-8,110.6,109.2,127.7,128.8,-17.0,-19.6,0.063,0.0,7.7,0.051,0.095,0.067,0.0,0.458,0.458,0.194,0.195,89.81,89.58,74.65,47,0.043
22024,1630322,0022400032,"NOV 22, 2024",GSW @ NOP,W,15,0,3,0.0,0,3,0.0,0,0,0.0,0,0,0,2,0,0,1,1,0,-1,105.9,105.6,112.1,116.5,-6.2,-10.9,0.167,2.0,33.3,0.0,0.0,0.0,16.7,0.0,0.0,0.1,0.102,104.19,106.02,88.35,34,-0.043
22024,1630322,0022400258,"NOV 20, 2024",GSW vs. ATL,W,23,4,9,0.444,2,5,0.4,0,0,0.0,0,3,3,1,1,0,0,4,10,16,116.1,120.9,89.1,91.4,27.0,29.5,0.043,0.0,10.0,0.0,0.077,0.049,0.0,0.556,0.556,0.153,0.159,111.62,115.41,96.17,56,0.052
22024,1630322,0022400251,"NOV 18, 2024",GSW @ LAC,L,29,2,6,0.333,2,4,0.5,0,0,0.0,1,4,5,1,3,0,0,1,6,-4,101.6,102.4,106.5,107.1,-4.8,-4.6,0.05,0.0,14.3,0.037,0.16,0.096,0.0,0.5,0.5,0.09,0.093,102.87,103.58,86.32,61,0.074
22024,1630322,0022400019,"NOV 15, 2024",GSW vs. MEM,W,11,3,4,0.75,2,3,0.667,0,0,0.0,0,0,0,1,0,1,1,1,8,3,118.2,113.0,104.5,96.8,13.6,16.2,0.125,1.0,16.7,0.0,0.0,0.0,16.7,1.0,1.0,0.179,0.185,106.37,100.09,83.41,22,0.134
22024,1630322,0022400188,"NOV 08, 2024",GSW @ CLE,L,5,1,2,0.5,0,1,0.0,0,0,0.0,0,0,0,0,0,0,0,1,2,1,127.3,107.7,118.2,124.5,9.1,-16.8,0.0,0.0,0.0,0.0,0.0,0.0,0.0,0.5,0.5,0.143,0.143,118.85,111.55,92.96,11,0.0
22024,1630322,0022400172,"NOV 06, 2024",GSW @ BOS,W,14,0,2,0.0,0,1,0.0,0,0,0.0,0,2,2,1,0,0,0,0,0,-1,121.4,122.0,116.7,130.4,4.8,-8.5,0.083,0.0,33.3,0.0,0.118,0.061,0.0,0.0,0.0,0.065,0.067,94.48,100.14,83.45,28,0.015
22024,1630322,0022400155,"NOV 04, 2024",GSW @ WAS,W,14,1,4,0.25,1,3,0.333,0,0,0.0,1,2,3,1,0,0,0,2,3,-2,143.3,140.5,150.0,137.9,-6.7,2.7,0.083,0.0,20.0,0.067,0.118,0.094,0.0,0.375,0.375,0.121,0.123,109.44,103.83,86.53,30,0.018
22024,1630322,0022400144,"NOV 02, 2024",GSW @ HOU,W,17,1,4,0.25,0,2,0.0,0,0,0.0,0,1,1,3,0,0,0,0,2,-3,107.5,108.0,117.9,117.0,-10.4,-8.9,0.273,0.0,42.9,0.0,0.048,0.024,0.0,0.25,0.25,0.085,0.087,108.72,108.56,90.47,40,0.042
22024,1630322,0022400126,"OCT 30, 2024",GSW vs. NOP,W,30,1,5,0.2,1,5,0.2,0,0,0.0,0,1,1,3,1,1,0,1,3,13,103.3,104.0,80.3,80.2,23.0,23.7,0.125,0.0,37.5,0.0,0.026,0.015,0.0,0.3,0.3,0.078,0.079,96.68,96.91,80.76,60,0.04
22024,1630322,0022400116,"OCT 29, 2024",GSW vs. NOP,W,31,8,13,0.615,3,7,0.429,2,2,1.0,3,5,8,4,1,0,0,3,21,26,145.0,138.4,100.0,96.1,45.0,42.4,0.167,0.0,22.2,0.097,0.227,0.151,0.0,0.731,0.756,0.194,0.198,99.16,94.98,79.15,60,0.178
22024,1630322,0022400101,"OCT 27, 2024",GSW vs. LAC,L,1,0,0,0.0,0,0,0.0,0,0,0.0,0,0,0,0,0,0,0,0,0,0,0.0,0.0,0.0,0.0,0.0,0.0,0.0,0.0,0.0,0.0,0.0,0.0,0.0,0.0,0.0,0.0,0.0,44.72,89.44,74.53,1,0.0
22024,1630322,0022400084,"OCT 25, 2024",GSW @ UTA,W,7,2,3,0.667,2,3,0.667,0,0,0.0,0,1,1,1,1,0,0,0,6,11,131.3,131.3,62.5,61.3,68.8,70.0,0.143,0.0,25.0,0.0,0.2,0.1,0.0,1.0,1.0,0.176,0.176,113.79,112.67,93.89,16,0.291
22024,1630322,0022400072,"OCT 23, 2024",GSW @ POR,W,5,3,3,1.0,2,2,1.0,0,0,0.0,0,1,1,0,0,0,0,2,8,8,192.3,212.6,141.7,139.3,50.6,73.2,0.0,0.0,0.0,0.0,0.167,0.125,0.0,1.333,1.333,0.214,0.235,112.39,117.26,97.72,13,0.165
22024,1630311,0022401228,"DEC 15, 2024",GSW vs. DAL,L,1,0,0,0.0,0,0,0.0,0,0,0.0,0,0,0,0,0,0,0,0,0,0,0.0,0.0,0.0,0.0,0.0,0.0,0.0,0.0,0.0,0.0,0.0,0.0,0.0,0.0,0.0,0.0,0.0,64.57,129.15,107.62,2,0.0
22024,1630311,0022401204,"DEC 11, 2024",GSW @ HOU,L,3,1,2,0.5,0,1,0.0,0,0,0.0,0,0,0,2,2,0,0,0,2,1,100.0,116.7,85.7,85.7,14.3,31.0,1.0,0.0,50.0,0.0,0.0,0.0,0.0,0.5,0.5,0.25,0.286,93.13,100.3,83.58,7,0.455
22024,1630311,0022400338,"DEC 06, 2024",GSW vs. MIN,L,7,1,3,0.333,0,2,0.0,0,0,0.0,0,0,0,2,1,0,2,0,2,-4,43.8,44.1,68.8,73.3,-25.0,-29.3,1.0,1.0,28.6,0.0,0.0,0.0,28.6,0.333,0.333,0.294,0.296,110.61,114.63,95.52,16,0.074
22024,1630311,0022400332,"DEC 05, 2024",GSW vs. HOU,W,6,0,2,0.0,0,0,0.0,0,0,0.0,1,1,2,1,1,0,0,1,0,-2,107.7,105.1,114.3,145.5,-6.6,-40.3,0.167,0.0,33.3,0.143,0.25,0.182,0.0,0.0,0.0,0.143,0.14,92.23,102.4,85.33,13,0.019
22024,1630311,0022400303,"NOV 30, 2024",GSW @ PHX,L,8,0,1,0.0,0,0,0.0,0,0,0.0,1,0,1,3,1,0,0,2,0,-10,88.9,87.9,136.8,147.4,-48.0,-59.5,0.6,0.0,75.0,0.071,0.0,0.053,0.0,0.0,0.0,0.045,0.047,102.0,105.3,87.75,18,0.034
22024,1630311,0022400299,"NOV 27, 2024",GSW vs. OKC,L,15,2,5,0.4,0,0,0.0,2,2,1.0,2,2,4,3,0,0,2,1,6,9,109.4,113.8,78.8,82.0,30.6,31.8,0.273,1.5,27.3,0.133,0.111,0.121,18.2,0.4,0.51,0.216,0.224,103.37,107.54,89.61,32,0.122
22024,1630311,0022400155,"NOV 04, 2024",GSW @ WAS,W,1,0,0,0.0,0,0,0.0,0,0,0.0,0,0,0,0,0,0,0,0,0,0,0.0,0.0,0.0,0.0,0.0,0.0,0.0,0.0,0.0,0.0,0.0,0.0,0.0,0.0,0.0,0.0,0.0,46.75,93.51,77.92,1,0.0
22024,1630311,0022400126,"OCT 30, 2024",GSW vs. NOP,W,1,0,0,0.0,0,0,0.0,0,0,0.0,0,0,0,1,0,0,0,0,0,0,100.0,200.0,100.0,100.0,0.0,100.0,1.0,0.0,100.0,0.0,0.0,0.0,0.0,0.0,0.0,0.0,0.0,52.68,70.24,58.54,2,0.5
22024,1630311,0022400116,"OCT 29, 2024",GSW vs. NOP,W,3,2,3,0.667,0,0,0.0,0,0,0.0,0,0,0,0,0,0,0,0,4,0,166.7,166.7,142.9,170.1,23.8,-3.4,0.0,0.0,0.0,0.0,0.0,0.0,0.0,0.667,0.667,0.5,0.5,104.95,114.85,95.71,6,0.115
22024,203471,0022400366,"DEC 19, 2024",GSW @ MEM,L,22,2,12,0.167,0,4,0.0,1,2,0.5,0,2,2,5,0,0,4,2,5,-34,66.0,61.2,136.7,137.7,-70.7,-76.6,0.556,1.25,22.7,0.0,0.111,0.038,18.2,0.167,0.194,0.283,0.284,112.27,108.33,90.27,50,-0.056
22024,203471,0022401211,"DEC 13, 2024",BKN @ MEM,L,26,6,10,0.6,3,7,0.429,0,0,0.0,0,3,3,8,1,0,6,2,15,-16,98.3,98.7,127.1,120.9,-28.8,-22.2,0.5,1.33,33.3,0.0,0.094,0.048,25.0,0.75,0.75,0.232,0.243,110.73,108.18,90.15,60,0.12
22024,203471,0022400348,"DEC 08, 2024",BKN vs. MIL,L,34,13,19,0.684,4,7,0.571,4,5,0.8,0,3,3,11,0,0,0,3,34,6,144.4,137.3,130.8,127.5,13.7,9.8,0.524,0.0,35.5,0.0,0.158,0.071,0.0,0.789,0.802,0.294,0.289,95.11,91.56,76.3,63,0.241
22024,203471,0022400320,"DEC 04, 2024",BKN vs. IND,W,31,2,11,0.182,0,4,0.0,0,0,0.0,0,1,1,2,2,0,4,2,4,-7,76.6,73.9,86.2,89.5,-9.6,-15.5,0.125,0.5,11.8,0.0,0.033,0.015,23.5,0.182,0.182,0.208,0.213,99.19,99.28,82.74,64,-0.072
22024,203471,0022400317,"DEC 02, 2024",BKN @ CHI,L,29,7,15,0.467,0,6,0.0,2,2,1.0,0,2,2,10,0,0,0,2,16,-4,109.2,111.2,117.2,117.5,-8.0,-6.3,0.5,0.0,38.5,0.0,0.077,0.032,0.0,0.467,0.504,0.213,0.223,104.11,105.19,87.66,65,0.122
22024,203471,0022400305,"DEC 01, 2024",BKN vs. ORL,L,37,6,19,0.316,1,6,0.167,7,7,1.0,0,2,2,7,1,1,6,3,20,-6,89.6,88.1,97.4,101.0,-7.8,-12.9,0.467,1.17,20.6,0.0,0.054,0.026,17.6,0.342,0.453,0.318,0.324,99.68,100.62,83.85,77,0.09
22024,203471,0022400297,"NOV 27, 2024",BKN @ PHX,W,34,8,21,0.381,4,9,0.444,9,9,1.0,1,3,4,3,1,0,2,1,29,19,125.3,127.4,102.7,104.6,22.6,22.8,0.13,1.5,10.0,0.029,0.111,0.066,6.7,0.476,0.581,0.321,0.334,101.82,103.56,86.3,75,0.134
22024,203471,0022400284,"NOV 25, 2024",BKN @ GSW,W,31,10,18,0.556,4,8,0.5,7,7,1.0,1,4,5,7,2,0,3,4,31,-6,127.9,127.7,135.3,135.0,-7.4,-7.3,0.412,2.33,22.6,0.034,0.138,0.086,9.7,0.667,0.735,0.32,0.337,104.77,104.56,87.13,68,0.176
22024,203471,0022400027,"NOV 22, 2024",BKN @ PHI,L,34,3,7,0.429,1,4,0.25,1,1,1.0,0,3,3,7,0,1,7,2,8,1,114.5,114.4,114.7,107.3,-0.2,7.1,0.25,1.0,33.3,0.0,0.071,0.045,33.3,0.5,0.538,0.187,0.192,99.56,96.19,80.16,69,0.04
22024,203471,0022400022,"NOV 19, 2024",BKN vs. CHA,W,36,5,12,0.417,1,5,0.2,3,5,0.6,0,5,5,12,1,2,1,3,14,-3,121.6,120.4,127.4,127.5,-5.8,-7.1,0.429,12.0,46.2,0.0,0.156,0.077,3.8,0.458,0.493,0.167,0.167,98.7,98.27,81.89,74,0.119
22024,203471,0022400240,"NOV 17, 2024",BKN @ NYK,L,31,2,11,0.182,2,6,0.333,2,2,1.0,0,1,1,6,0,0,0,1,8,-14,106.9,105.8,127.9,119.9,-21.0,-14.1,0.333,0.0,33.3,0.0,0.031,0.015,0.0,0.273,0.337,0.185,0.186,95.36,91.78,76.49,58,0.039
22024,203471,0022400014,"NOV 15, 2024",BKN @ NYK,L,34,4,17,0.235,2,10,0.2,4,4,1.0,0,3,3,8,2,0,1,2,14,10,130.6,129.3,113.5,114.9,17.0,14.5,0.32,8.0,28.6,0.0,0.103,0.045,3.6,0.294,0.373,0.238,0.248,104.25,104.39,86.99,72,0.07
22024,203471,0022400218,"NOV 13, 2024",BKN vs. BOS,L,31,6,10,0.6,2,6,0.333,2,3,0.667,0,4,4,3,1,0,1,3,16,-14,111.3,109.0,131.7,134.2,-20.5,-25.2,0.167,3.0,20.0,0.0,0.138,0.068,6.7,0.7,0.707,0.176,0.181,98.24,98.15,81.79,62,0.105
22024,203471,0022400214,"NOV 11, 2024",BKN @ NOP,W,32,4,9,0.444,3,5,0.6,3,4,0.75,0,3,3,2,0,0,2,0,14,7,121.0,120.0,106.3,106.6,14.7,13.4,0.1,1.0,13.3,0.0,0.075,0.043,13.3,0.611,0.651,0.178,0.182,95.88,95.7,79.75,62,0.081
22024,203471,0022400199,"NOV 09, 2024",BKN @ CLE,L,37,7,14,0.5,4,8,0.5,4,4,1.0,1,1,2,5,0,0,1,2,22,3,116.9,119.3,112.7,110.2,4.2,9.1,0.238,5.0,22.7,0.032,0.04,0.036,4.5,0.643,0.698,0.213,0.219,91.24,91.11,75.92,71,0.125
22024,203471,0022400187,"NOV 08, 2024",BKN @ BOS,L,37,9,23,0.391,2,8,0.25,0,0,0.0,0,3,3,3,4,0,4,2,20,-2,105.6,101.4,106.8,99.2,-1.3,2.2,0.143,0.75,10.0,0.0,0.075,0.038,13.3,0.435,0.435,0.325,0.333,98.37,92.88,77.4,72,0.074
22024,203471,0022400158,"NOV 04, 2024",BKN vs. MEM,W,34,7,15,0.467,2,7,0.286,4,5,0.8,0,2,2,6,1,0,3,4,20,5,116.4,113.0,104.3,100.1,12.1,12.9,0.286,2.0,23.1,0.0,0.056,0.029,11.5,0.533,0.581,0.26,0.26,99.84,96.33,80.27,67,0.101
22024,203471,0022400151,"NOV 03, 2024",BKN vs. DET,L,33,3,7,0.429,1,3,0.333,0,0,0.0,0,5,5,4,3,0,2,3,7,-11,98.5,96.4,111.6,105.0,-13.1,-8.6,0.174,2.0,30.8,0.0,0.172,0.083,15.4,0.5,0.5,0.127,0.126,102.11,97.91,81.59,67,0.09
22024,203471,0022400136,"NOV 01, 2024",BKN vs. CHI,W,33,4,12,0.333,1,3,0.333,0,0,0.0,1,6,7,7,3,0,2,1,9,4,113.9,114.1,106.8,112.7,7.0,1.5,0.241,3.5,33.3,0.029,0.176,0.101,9.5,0.375,0.375,0.173,0.173,102.09,104.92,87.44,72,0.1
22024,203471,0022400124,"OCT 30, 2024",BKN @ MEM,W,34,11,14,0.786,6,9,0.667,5,5,1.0,0,2,2,8,1,0,2,1,33,9,127.4,131.7,116.7,108.3,10.7,23.4,0.364,4.0,30.8,0.0,0.059,0.033,7.7,1.0,1.019,0.225,0.238,104.77,102.54,85.45,73,0.248
22024,203471,0022400113,"OCT 29, 2024",BKN vs. DEN,L,42,10,18,0.556,5,11,0.455,3,4,0.75,0,0,0,14,0,0,3,5,28,-11,125.3,125.7,144.6,142.4,-19.3,-16.6,0.5,4.67,37.8,0.0,0.0,0.0,8.1,0.694,0.709,0.237,0.251,98.55,98.0,81.67,87,0.117
22024,203471,0022400098,"OCT 27, 2024",BKN vs. MIL,W,35,8,15,0.533,5,8,0.625,8,8,1.0,0,4,4,6,1,0,2,3,29,27,130.4,124.4,91.3,93.2,39.1,31.2,0.273,3.0,23.1,0.0,0.125,0.059,7.7,0.7,0.783,0.247,0.246,97.32,95.95,79.96,69,0.211
22024,203471,0022400077,"OCT 25, 2024",BKN @ ORL,L,32,7,12,0.583,3,4,0.75,3,4,0.75,0,1,1,6,1,0,2,3,20,6,111.8,110.5,104.5,107.6,7.3,2.8,0.333,3.0,28.6,0.0,0.033,0.016,9.5,0.708,0.727,0.195,0.198,98.99,99.85,83.2,68,0.136
22024,203471,0022400064,"OCT 23, 2024",BKN @ ATL,L,34,5,16,0.313,2,6,0.333,1,2,0.5,0,3,3,7,1,0,5,4,13,-4,108.0,104.2,110.4,114.1,-2.4,-9.8,0.28,1.4,24.1,0.0,0.088,0.039,17.2,0.375,0.385,0.244,0.248,106.42,106.25,88.54,75,0.022
